line,section_or_table,literal,value,category,source_file,source_key_or_derivation,source_value,mapping_scope,status,context
39,(preamble),2,2.0,dataset/config/provenance,train_model_v3/call/results_spot_history_v5/config.json,modes2  [retained modes2 for the history encoders; the same literal is also the '2-D' of the 2-D FNO and the '1-D form' reshaping remark],2.0,global,EXACT,"analytical pricer, with no learned surrogate. A 2-D Fourier Neural Operator encodes the market state"
42,(preamble),10,10.0,dataset/config/provenance,results/spline_boundary_decomposition_v5.json,"results.option_type=call.grid.abs_delta_bounds.0  [the surface grid's lower |delta| and lower tenor (10-day) boundary, which is what most occurrences mean. The same literal is also the 80/10/10 split shares, the +-10%% band in Figure F5, the squared-log-error tail threshold, and min_finetune_epochs=10 in every run's config.json]",10.0,global,EXACT,"quote-quality-filtered SPX options (OptionMetrics via WRDS) split 80/10/10 by trade date, three"
42,(preamble),10,10.0,dataset/config/provenance,results/spline_boundary_decomposition_v5.json,"results.option_type=call.grid.abs_delta_bounds.0  [the surface grid's lower |delta| and lower tenor (10-day) boundary, which is what most occurrences mean. The same literal is also the 80/10/10 split shares, the +-10%% band in Figure F5, the squared-log-error tail threshold, and min_finetune_epochs=10 in every run's config.json]",10.0,global,EXACT,"quote-quality-filtered SPX options (OptionMetrics via WRDS) split 80/10/10 by trade date, three"
42,(preamble),80,80.0,derived statistic,wrds_data_2020-2025/DATASET_MANIFEST.json,"100.0 * J('wrds_data_2020-2025/DATASET_MANIFEST.json','datasets.v5.files.call.splits.train.n_dates') / (J('wrds_data_2020-2025/DATASET_MANIFEST.json','datasets.v5.files.call.splits.train.n_dates') + J('wrds_data_2020-2025/DATASET_MANIFEST.json','datasets.v5.files.call.splits.val.n_dates') + J('wrds_data_2020-2025/DATASET_MANIFEST.json','datasets.v5.files.call.splits.test.n_dates'))  [the '80' of the 80/10/10 date split: 2,128 of 2,661 unique trade dates = 79.97%  [by-line review: train share of the 80/10/10 by-date split]]",79.96993611424277,line,DERIVED,"quote-quality-filtered SPX options (OptionMetrics via WRDS) split 80/10/10 by trade date, three"
44,(preamble),-0.32,-0.32,experiment output,results/ablation_scalar_sigma_v5.json,"rows.option_type=put&model_variant=scalar_sigma.r2_log_filtered  [put scalar-sigma R2(log), canonical CPU evaluator (-0.316871), quoted to two decimals in the abstract, Section results-ablation and the Conclusion because results/ablation_evaluator_consistency_v5.json shows the scalar-sigma log metric is only ~1e-2 reproducible across device paths and decoder precisions (Appendix numstab); Table tab:ablation keeps the six-decimal value  [by-line review: put scalar-sigma control R2(log), quoted to two decimals]]",-0.3168712644166485,line,ROUNDED-OK,state rather than per contract collapses put $R^2(\log)$ from 0.978 to about $-0.32$ and
44,(preamble),0.978,0.978,experiment output,train_model_v3/put/results_vol_surface_v5/metrics.json,"r2_log_filtered  [rounded restatement of the Table T1 put/results_vol_surface_v5 r2_log_filtered  [by-line review: put IV-surface architecture-A R2(log), to three decimals]]",0.9778980973298367,line,ROUNDED-OK,state rather than per contract collapses put $R^2(\log)$ from 0.978 to about $-0.32$ and
45,(preamble),-3.090,-3.09,experiment output,results/ablation_scalar_sigma_v5.json,rows.option_type=put&model_variant=scalar_sigma.r2_price  [rounded restatement of the scalar-sigma ablation put r2_price  [by-line review: put scalar-sigma control R2(price)]],-3.0901904313264055,line,ROUNDED-OK,"$R^2(\text{price})$ to $-3.090$. The surface-conditioned configuration prices best, $R^2(\log) \approx"
46,(preamble),0.90,0.9,experiment output,train_model_v3/put/results_spot_history_don_v5/metrics.json,r2_log_filtered  [rounded restatement of the Table T1 put/results_spot_history_don_v5 r2_log_filtered],0.9015526190235676,global,ROUNDED-OK,0.98$--$0.99$ against $\approx 0.90$--$0.94$ for the historical ones. Autograd partial greeks through
46,(preamble),0.94,0.94,experiment output,train_model_v3/call/results_spot_history_don_v5/metrics.json,r2_log_filtered  [rounded restatement of the Table T1 call/results_spot_history_don_v5 r2_log_filtered],0.9443903992004695,global,ROUNDED-OK,0.98$--$0.99$ against $\approx 0.90$--$0.94$ for the historical ones. Autograd partial greeks through
46,(preamble),0.98,0.98,experiment output,train_model_v3/put/results_vol_surface_v5/metrics.json,r2_log_filtered  [rounded restatement of the Table T1 put/results_vol_surface_v5 r2_log_filtered],0.9778980973298367,global,ROUNDED-OK,0.98$--$0.99$ against $\approx 0.90$--$0.94$ for the historical ones. Autograd partial greeks through
46,(preamble),0.99,0.99,experiment output,train_model_v3/call/results_vol_surface_v5/metrics.json,r2_log_filtered  [rounded restatement of the Table T1 call/results_vol_surface_v5 r2_log_filtered],0.9910440400919907,global,ROUNDED-OK,0.98$--$0.99$ against $\approx 0.90$--$0.94$ for the historical ones. Autograd partial greeks through
48,(preamble),2\times10^{-14},2e-14,derived statistic,"results/greeks_check_{call,put}_v5.json","max(J('results/greeks_check_call_v5.json','delta.max_abs_diff'), J('results/greeks_check_put_v5.json','delta.max_abs_diff'))  ['approximately 2e-14' for delta: the larger of the two option types (1.84e-14)  [by-line review: worst-case delta discrepancy over both option types]]",1.837419105754634e-14,line,DERIVED,$2\times10^{-14}$ (delta) and $2\times10^{-15}$ (vega). Two qualifications apply: the surface
48,(preamble),2\times10^{-15},2e-15,derived statistic,"results/greeks_check_{call,put}_v5.json","max(J('results/greeks_check_call_v5.json','vega.max_abs_diff'), J('results/greeks_check_put_v5.json','vega.max_abs_diff'))  ['approximately 2e-15' for vega: the larger of the two option types (2.12e-15)  [by-line review: worst-case vega discrepancy over both option types]]",2.1163626406917047e-15,line,DERIVED,$2\times10^{-14}$ (delta) and $2\times10^{-15}$ (vega). Two qualifications apply: the surface
107,Introduction,21,21.0,dataset/config/provenance,train_model_v3/call/results_spot_history_v5/config.json,grid_h  [trailing trading days in the SPX/VIX history windows],21.0,global,EXACT,tensors are 21-trading-day windows ending on the target trade date and therefore include that day's
113,Introduction,"766{,}080",766080.0,derived statistic,train_model_v3/call/results_vol_surface_v5/config.json,"J('train_model_v3/call/results_vol_surface_v5/config.json','fno_width') * 11 * 17 * J('train_model_v3/call/results_vol_surface_v5/config.json','latent_dim') + J('train_model_v3/call/results_vol_surface_v5/config.json','latent_dim')  [flattening-projection parameter count for the surface, 11x17 grid branch: fno_width * grid_h * grid_w * latent_dim + latent_dim  [by-line review: IV-surface first-layer flattening-projection parameter count]]",766080.0,line,DERIVED,"whose input width scales with the grid, dominates the count: it holds 766{,}080 parameters (weights"
114,Introduction,11,11.0,dataset/config/provenance,train_model_v3/call/results_vol_surface_v5/config.json,grid_h  [surface grid maturities],11.0,global,EXACT,"and bias) for the $11{\times}17$ surface grid, 430{,}208 for"
114,Introduction,17,17.0,dataset/config/provenance,train_model_v3/call/results_vol_surface_v5/config.json,grid_w  [surface grid delta points],17.0,global,EXACT,"and bias) for the $11{\times}17$ surface grid, 430{,}208 for"
114,Introduction,"430{,}208",430208.0,derived statistic,train_model_v3/call/results_vol_surface_v5/config.json,"J('train_model_v3/call/results_vol_surface_v5/config.json','fno_width') * 21 * 5 * J('train_model_v3/call/results_vol_surface_v5/config.json','latent_dim') + J('train_model_v3/call/results_vol_surface_v5/config.json','latent_dim')  [flattening-projection parameter count for the SPX history, 21x5 grid branch: fno_width * grid_h * grid_w * latent_dim + latent_dim  [by-line review: SPX-history first-layer flattening-projection parameter count]]",430208.0,line,DERIVED,"and bias) for the $11{\times}17$ surface grid, 430{,}208 for"
115,Introduction,21,21.0,dataset/config/provenance,train_model_v3/call/results_spot_history_v5/config.json,grid_h  [trailing trading days in the SPX/VIX history windows],21.0,global,EXACT,"the $21{\times}5$ SPX-history grid, and 344{,}192 for the $21{\times}4$ VIX-history grid, so input"
115,Introduction,21,21.0,dataset/config/provenance,train_model_v3/call/results_spot_history_v5/config.json,grid_h  [trailing trading days in the SPX/VIX history windows],21.0,global,EXACT,"the $21{\times}5$ SPX-history grid, and 344{,}192 for the $21{\times}4$ VIX-history grid, so input"
115,Introduction,"344{,}192",344192.0,derived statistic,train_model_v3/call/results_vol_surface_v5/config.json,"J('train_model_v3/call/results_vol_surface_v5/config.json','fno_width') * 21 * 4 * J('train_model_v3/call/results_vol_surface_v5/config.json','latent_dim') + J('train_model_v3/call/results_vol_surface_v5/config.json','latent_dim')  [flattening-projection parameter count for the VIX history, 21x4 grid branch: fno_width * grid_h * grid_w * latent_dim + latent_dim  [by-line review: VIX-history first-layer flattening-projection parameter count]]",344192.0,line,DERIVED,"the $21{\times}5$ SPX-history grid, and 344{,}192 for the $21{\times}4$ VIX-history grid, so input"
115,Introduction,4,4.0,dataset/config/provenance,train_model_v3/call/results_vol_surface_v5/config.json,modes1  [retained spectral modes (modes1) on the surface grid; the same literal is also the number of FNO blocks and the VIX-history grid width],4.0,global,EXACT,"the $21{\times}5$ SPX-history grid, and 344{,}192 for the $21{\times}4$ VIX-history grid, so input"
115,Introduction,5,5.0,dataset/config/provenance,train_model_v3/call/results_vol_surface_v5/config.json,patience_adam  [early-stopping patience in each phase; the same literal is also the SPX-history grid width (21x5) and Figure F3's 5x9 grid],5.0,global,EXACT,"the $21{\times}5$ SPX-history grid, and 344{,}192 for the $21{\times}4$ VIX-history grid, so input"
166,Related work,2,2.0,dataset/config/provenance,train_model_v3/call/results_spot_history_v5/config.json,modes2  [retained modes2 for the history encoders; the same literal is also the '2-D' of the 2-D FNO and the '1-D form' reshaping remark],2.0,global,EXACT,\paragraph{Neural operators.} The market-state encoder is a 2-D Fourier Neural
203,Market-state encoder,2,2.0,dataset/config/provenance,train_model_v3/call/results_spot_history_v5/config.json,modes2  [retained modes2 for the history encoders; the same literal is also the '2-D' of the 2-D FNO and the '1-D form' reshaping remark],2.0,global,EXACT,The market state is encoded by a 2-D Fourier Neural Operator~\citep{Li2021FNO}: four spectral
204,Market-state encoder,1,1.0,theoretical constant,,"the 1x1-convolution skip connections, the 1-D native form of the history tensors, and the T <= 1 day maturity cut; definitional or config (see 24 hours)  [the 1x1-convolution skip connections, the 1-D native form of the history tensors, and the T <= 1 day maturity cut; definitional or config (see 24 hours)]",1.0,global,EXACT,"convolution blocks with $1{\times}1$-convolution skip connections and SiLU activations, flattened and"
204,Market-state encoder,1,1.0,theoretical constant,,"the 1x1-convolution skip connections, the 1-D native form of the history tensors, and the T <= 1 day maturity cut; definitional or config (see 24 hours)  [the 1x1-convolution skip connections, the 1-D native form of the history tensors, and the T <= 1 day maturity cut; definitional or config (see 24 hours)]",1.0,global,EXACT,"convolution blocks with $1{\times}1$-convolution skip connections and SiLU activations, flattened and"
205,Market-state encoder,128,128.0,dataset/config/provenance,train_model_v3/call/results_vol_surface_v5/config.json,latent_dim  [latent/basis dimension; head and trunk hidden width is the same 128 (config head_hidden)],128.0,global,EXACT,"projected to a 128-dimensional latent vector. We evaluate three candidate market-state inputs, one per"
206,Market-state encoder,1,1.0,theoretical constant,,"the 1x1-convolution skip connections, the 1-D native form of the history tensors, and the T <= 1 day maturity cut; definitional or config (see 24 hours)  [the 1x1-convolution skip connections, the 1-D native form of the history tensors, and the T <= 1 day maturity cut; definitional or config (see 24 hours)]",1.0,global,EXACT,"encoder instance, each reshaped from its native 1-D form to a 2-D grid inside the encoder."
206,Market-state encoder,2,2.0,dataset/config/provenance,train_model_v3/call/results_spot_history_v5/config.json,modes2  [retained modes2 for the history encoders; the same literal is also the '2-D' of the 2-D FNO and the '1-D form' reshaping remark],2.0,global,EXACT,"encoder instance, each reshaped from its native 1-D form to a 2-D grid inside the encoder."
209,Market-state encoder,11,11.0,dataset/config/provenance,train_model_v3/call/results_vol_surface_v5/config.json,grid_h  [surface grid maturities],11.0,global,EXACT,"surface~\citep{OptionMetrics2026Surface} for the \emph{same} trade date, on an $11 \times 17$ (maturity"
209,Market-state encoder,17,17.0,dataset/config/provenance,train_model_v3/call/results_vol_surface_v5/config.json,grid_w  [surface grid delta points],17.0,global,EXACT,"surface~\citep{OptionMetrics2026Surface} for the \emph{same} trade date, on an $11 \times 17$ (maturity"
212,Market-state encoder,21,21.0,dataset/config/provenance,train_model_v3/call/results_spot_history_v5/config.json,grid_h  [trailing trading days in the SPX/VIX history windows],21.0,global,EXACT,information rather than on strictly prior information. The \textbf{SPX price history} input is 21
213,Market-state encoder,21,21.0,dataset/config/provenance,train_model_v3/call/results_spot_history_v5/config.json,grid_h  [trailing trading days in the SPX/VIX history windows],21.0,global,EXACT,"trading days of SPX OHLCV data, a $21 \times 5$ grid, each row divided by the window's final close (and"
213,Market-state encoder,5,5.0,dataset/config/provenance,train_model_v3/call/results_vol_surface_v5/config.json,patience_adam  [early-stopping patience in each phase; the same literal is also the SPX-history grid width (21x5) and Figure F3's 5x9 grid],5.0,global,EXACT,"trading days of SPX OHLCV data, a $21 \times 5$ grid, each row divided by the window's final close (and"
216,Market-state encoder,21,21.0,dataset/config/provenance,train_model_v3/call/results_spot_history_v5/config.json,grid_h  [trailing trading days in the SPX/VIX history windows],21.0,global,EXACT,denominator for the whole tensor. The \textbf{VIX history} input is 21 trading days of CBOE VIX OHLC
217,Market-state encoder,21,21.0,dataset/config/provenance,train_model_v3/call/results_spot_history_v5/config.json,grid_h  [trailing trading days in the SPX/VIX history windows],21.0,global,EXACT,"data, a $21 \times 4$ grid, likewise ending on the target trade date and normalized the same way: each"
217,Market-state encoder,4,4.0,dataset/config/provenance,train_model_v3/call/results_vol_surface_v5/config.json,modes1  [retained spectral modes (modes1) on the surface grid; the same literal is also the number of FNO blocks and the VIX-history grid width],4.0,global,EXACT,"data, a $21 \times 4$ grid, likewise ending on the target trade date and normalized the same way: each"
227,Market-state encoder,11,11.0,dataset/config/provenance,train_model_v3/call/results_vol_surface_v5/config.json,grid_h  [surface grid maturities],11.0,global,EXACT,$11 \times 17$ implied volatility surface---not its presence or absence.
227,Market-state encoder,17,17.0,dataset/config/provenance,train_model_v3/call/results_vol_surface_v5/config.json,grid_w  [surface grid delta points],17.0,global,EXACT,$11 \times 17$ implied volatility surface---not its presence or absence.
229,Market-state encoder,128,128.0,dataset/config/provenance,train_model_v3/call/results_vol_surface_v5/config.json,latent_dim  [latent/basis dimension; head and trunk hidden width is the same 128 (config head_hidden)],128.0,global,EXACT,"The flattened FNO output is projected to the latent vector by two dense layers, a flatten-to-128 layer"
230,Market-state encoder,128,128.0,dataset/config/provenance,train_model_v3/call/results_vol_surface_v5/config.json,latent_dim  [latent/basis dimension; head and trunk hidden width is the same 128 (config head_hidden)],128.0,global,EXACT,"whose input width is proportional to the grid size followed by a fixed 128-to-latent layer, so the"
232,Market-state encoder,"766{,}080",766080.0,derived statistic,train_model_v3/call/results_vol_surface_v5/config.json,"J('train_model_v3/call/results_vol_surface_v5/config.json','fno_width') * 11 * 17 * J('train_model_v3/call/results_vol_surface_v5/config.json','latent_dim') + J('train_model_v3/call/results_vol_surface_v5/config.json','latent_dim')  [flattening-projection parameter count for the surface, 11x17 grid branch: fno_width * grid_h * grid_w * latent_dim + latent_dim  [by-line review: IV-surface first-layer flattening-projection parameter count]]",766080.0,line,DERIVED,"published counts refer to: including its bias it holds 766{,}080 parameters for the surface grid,"
233,Market-state encoder,"344{,}192",344192.0,derived statistic,train_model_v3/call/results_vol_surface_v5/config.json,"J('train_model_v3/call/results_vol_surface_v5/config.json','fno_width') * 21 * 4 * J('train_model_v3/call/results_vol_surface_v5/config.json','latent_dim') + J('train_model_v3/call/results_vol_surface_v5/config.json','latent_dim')  [flattening-projection parameter count for the VIX history, 21x4 grid branch: fno_width * grid_h * grid_w * latent_dim + latent_dim  [by-line review: VIX-history first-layer flattening-projection parameter count]]",344192.0,line,DERIVED,"430{,}208 for SPX history, and 344{,}192 for VIX history, while the second layer is identical across"
233,Market-state encoder,"430{,}208",430208.0,derived statistic,train_model_v3/call/results_vol_surface_v5/config.json,"J('train_model_v3/call/results_vol_surface_v5/config.json','fno_width') * 21 * 5 * J('train_model_v3/call/results_vol_surface_v5/config.json','latent_dim') + J('train_model_v3/call/results_vol_surface_v5/config.json','latent_dim')  [flattening-projection parameter count for the SPX history, 21x5 grid branch: fno_width * grid_h * grid_w * latent_dim + latent_dim  [by-line review: SPX-history first-layer flattening-projection parameter count]]",430208.0,line,DERIVED,"430{,}208 for SPX history, and 344{,}192 for VIX history, while the second layer is identical across"
241,Per-query volatility head,128,128.0,dataset/config/provenance,train_model_v3/call/results_vol_surface_v5/config.json,latent_dim  [latent/basis dimension; head and trunk hidden width is the same 128 (config head_hidden)],128.0,global,EXACT,"market state. We compare two interchangeable head designs, both with hidden width 128 acting on the"
242,Per-query volatility head,128,128.0,dataset/config/provenance,train_model_v3/call/results_vol_surface_v5/config.json,latent_dim  [latent/basis dimension; head and trunk hidden width is the same 128 (config head_hidden)],128.0,global,EXACT,same 128-dimensional latent vector. Architecture A (MLP head) is an MLP on the concatenation of the
276,Differentiable Black--Scholes decoder,0,0.0,theoretical constant,,"the T -> 0 limit of the decoder and the max(., 0) floor of the static no-arbitrage bounds; definitional, not measured  [the T -> 0 limit of the decoder and the max(., 0) floor of the static no-arbitrage bounds; definitional, not measured]",0.0,global,EXACT,A third property is a limit rather than a guarantee. As $T \to 0$ the Black--Scholes price converges to
280,Differentiable Black--Scholes decoder,24,24.0,derived statistic,train_model_v3/call/results_vol_surface_v5/config.json,"24.0 * float(J('train_model_v3/call/results_vol_surface_v5/config.json','data_provenance.export_min_maturity_days'))  [the maturity cut, stated in hours: export_min_maturity_days = 1.0 day  [by-line review: the export's minimum maturity, 24 hours]]",24.0,line,DERIVED,"strictly more than 24 hours remaining to settlement, excludes this case from the sample. The"
281,Differentiable Black--Scholes decoder,0,0.0,theoretical constant,,"the T -> 0 limit of the decoder and the max(., 0) floor of the static no-arbitrage bounds; definitional, not measured  [the T -> 0 limit of the decoder and the max(., 0) floor of the static no-arbitrage bounds; definitional, not measured]",0.0,global,EXACT,implementation is not exactly $\hat\sigma$-independent at $T{=}0$: it evaluates
282,Differentiable Black--Scholes decoder,10^{-10},1e-10,dataset/config/provenance,train_model_v3/call/train_vol_surface.py,"1e-10  [the maturity clamp inside sqrt(clamp(T_years, min=1e-10)), verbatim in every train script's bs_normalized_price and in analysis/_common]",1e-10,global,DERIVED,"$\sqrt{\mathrm{clamp}(T, 10^{-10})}$, clamping the maturity before taking the square root rather than"
284,Differentiable Black--Scholes decoder,0,0.0,theoretical constant,,"the T -> 0 limit of the decoder and the max(., 0) floor of the static no-arbitrage bounds; definitional, not measured  [the T -> 0 limit of the decoder and the max(., 0) floor of the static no-arbitrage bounds; definitional, not measured]",0.0,global,EXACT,$10^{-5}$ in a vanishing band around the money: a synthetic exact-$T{=}0$ probe of the decoder finds a
284,Differentiable Black--Scholes decoder,10^{-5},1e-05,experiment output,results/diagnostics_tail_v5.json,"call.degeneracy.T=0.max_price_spread_over_sigma  ['a residual sigma dependence of order 1e-5': the exact-T=0 probe records 1.1928e-5, so the stated order is the measured one; the sentence quotes the value itself immediately after. Elsewhere 10^{-5} is the fine-tuning learning rate, hence the per-line override]",1.1928374182235135e-05,line,ROUNDED-OK,$10^{-5}$ in a vanishing band around the money: a synthetic exact-$T{=}0$ probe of the decoder finds a
285,Differentiable Black--Scholes decoder,1.2\times10^{-5},1.2e-05,experiment output,results/diagnostics_tail_v5.json,"call.degeneracy.T=0.max_price_spread_over_sigma  [synthetic exact-T=0 probe of the decoder: maximum price spread over sigma_hat in V/K units, 1.1928e-5 (the put probe gives the same value to 1e-11)]",1.1928374182235135e-05,global,ROUNDED-OK,maximum price spread over $\hat\sigma$ of $1.2\times10^{-5}$ in $V/K$ units
292,fig:f1,2,2.0,dataset/config/provenance,train_model_v3/call/results_spot_history_v5/config.json,modes2  [retained modes2 for the history encoders; the same literal is also the '2-D' of the 2-D FNO and the '1-D form' reshaping remark],2.0,global,EXACT,"SPX price history, or VIX history) is encoded by a 2-D FNO into a shared latent vector. A per-query"
305,Loss,10^{-8},1e-08,dataset/config/provenance,train_model_v3/call/train_vol_surface.py,"1e-8  [the training/evaluation price clamp log(clamp(V/K, 1e-8)); it appears verbatim in every train script's `torch.clamp(price, min=1e-8)` and in analysis/_common.CLAMP_LOG]",1e-08,global,DERIVED,"10^{-8}))$ for numerical stability. There is no auxiliary PDE, arbitrage, or BS-anchor penalty term. We"
316,Data,2015-02-02,2015-02-02,dataset/config/provenance,wrds_data_2020-2025/DATASET_MANIFEST.json,datasets.v5.files.call.splits.train.first  [train-split first trade date],2015-02-02,global,EXACT,"We use SPX index options from OptionMetrics, accessed via WRDS, covering 2015-02-02 through"
317,Data,2025-08-29,2025-08-29,dataset/config/provenance,wrds_data_2020-2025/DATASET_MANIFEST.json,datasets.v5.files.call.splits.test.last  [test-split last trade date],2025-08-29,global,EXACT,"2025-08-29. European exercise removes the early-exercise complication, and BS is used as the analytical"
323,The implied-volatility-surface input and its same-day dependence,11,11.0,dataset/config/provenance,train_model_v3/call/results_vol_surface_v5/config.json,grid_h  [surface grid maturities],11.0,global,EXACT,surface~\citep{OptionMetrics2026Surface}: an $11 \times 17$ grid of interpolated implied volatilities over
323,The implied-volatility-surface input and its same-day dependence,17,17.0,dataset/config/provenance,train_model_v3/call/results_vol_surface_v5/config.json,grid_w  [surface grid delta points],17.0,global,EXACT,surface~\citep{OptionMetrics2026Surface}: an $11 \times 17$ grid of interpolated implied volatilities over
324,The implied-volatility-surface input and its same-day dependence,10,10.0,dataset/config/provenance,results/spline_boundary_decomposition_v5.json,"results.option_type=call.grid.abs_delta_bounds.0  [the surface grid's lower |delta| and lower tenor (10-day) boundary, which is what most occurrences mean. The same literal is also the 80/10/10 split shares, the +-10%% band in Figure F5, the squared-log-error tail threshold, and min_finetune_epochs=10 in every run's config.json]",10.0,global,EXACT,eleven fixed maturities (10--730 calendar days) and seventeen fixed BS spot-delta points ($+10$ to
324,The implied-volatility-surface input and its same-day dependence,10,10.0,dataset/config/provenance,results/spline_boundary_decomposition_v5.json,"results.option_type=call.grid.abs_delta_bounds.0  [the surface grid's lower |delta| and lower tenor (10-day) boundary, which is what most occurrences mean. The same literal is also the 80/10/10 split shares, the +-10%% band in Figure F5, the squared-log-error tail threshold, and min_finetune_epochs=10 in every run's config.json]",10.0,global,EXACT,eleven fixed maturities (10--730 calendar days) and seventeen fixed BS spot-delta points ($+10$ to
324,The implied-volatility-surface input and its same-day dependence,730,730.0,dataset/config/provenance,results/spline_boundary_decomposition_v5.json,results.option_type=call.grid.day_bounds.1  [upper tenor bound (calendar days) of the standardized surface grid],730.0,global,EXACT,eleven fixed maturities (10--730 calendar days) and seventeen fixed BS spot-delta points ($+10$ to
325,The implied-volatility-surface input and its same-day dependence,-10,-10.0,theoretical constant,,the -10 end of the put side of the surface's signed delta axis (-90 to -10)  [the -10 end of the put side of the surface's signed delta axis (-90 to -10)],-10.0,global,EXACT,"$+90$ for calls, $-90$ to $-10$ for puts). Preprocessing joins this surface to the option targets on"
325,The implied-volatility-surface input and its same-day dependence,-90,-90.0,theoretical constant,,the -90 end of the put side of the surface's signed delta axis  [the -90 end of the put side of the surface's signed delta axis],-90.0,global,EXACT,"$+90$ for calls, $-90$ to $-10$ for puts). Preprocessing joins this surface to the option targets on"
325,The implied-volatility-surface input and its same-day dependence,90,90.0,dataset/config/provenance,results/spline_boundary_decomposition_v5.json,"results.option_type=call.grid.abs_delta_bounds.1  [upper |delta| bound of the OptionMetrics standardized surface grid, as read off the grid itself; the same literal is also a Figure F2 maturity-bucket edge (90 days)]",90.0,global,EXACT,"$+90$ for calls, $-90$ to $-10$ for puts). Preprocessing joins this surface to the option targets on"
334,The implied-volatility-surface input and its same-day dependence,21,21.0,dataset/config/provenance,train_model_v3/call/results_spot_history_v5/config.json,grid_h  [trailing trading days in the SPX/VIX history windows],21.0,global,EXACT,The SPX-history and VIX-history inputs are built from a 21-trading-day OHLC(V) window that \emph{ends
346,Maturity and contract-identity handling,6.5,6.5,derived statistic,train_model_v3/call/results_vol_surface_v5/config.json,"float(J('train_model_v3/call/results_vol_surface_v5/config.json','data_provenance.phase1.phase1_quote_time_et').split(':')[0]) - float(J('train_model_v3/call/results_vol_surface_v5/config.json','data_provenance.phase1.phase1_am_settle_time_et').split(':')[0]) - float(J('train_model_v3/call/results_vol_surface_v5/config.json','data_provenance.phase1.phase1_am_settle_time_et').split(':')[1])/60.0  [hours an AM-settled contract loses: 16:00 ET quote time minus 09:30 ET SOQ]",6.5,global,DERIVED,Each contract's maturity is computed on a settlement-aware basis: AM-settled contracts lose the 6.5
347,Maturity and contract-identity handling,30,30.0,dataset/config/provenance,train_model_v3/call/results_vol_surface_v5/config.json,"float(J('train_model_v3/call/results_vol_surface_v5/config.json','data_provenance.phase1.phase1_am_settle_time_et').split(':')[1])  [the 30 of 09:30 ET; the same literal is also a Figure F2 maturity-bucket edge (7--30d, 30--90d)]",30.0,global,DERIVED,"hours between the prior end-of-day quote and the 9:30 ET opening settlement print, and we retain only"
347,Maturity and contract-identity handling,9,9.0,dataset/config/provenance,train_model_v3/call/results_vol_surface_v5/config.json,"float(J('train_model_v3/call/results_vol_surface_v5/config.json','data_provenance.phase1.phase1_am_settle_time_et').split(':')[0])  [the 9 of the 09:30 ET AM settlement print; the same literal is also Figure F3's 5x9 log-moneyness grid]",9.0,global,DERIVED,"hours between the prior end-of-day quote and the 9:30 ET opening settlement print, and we retain only"
348,Maturity and contract-identity handling,24,24.0,derived statistic,train_model_v3/call/results_vol_surface_v5/config.json,"24.0 * float(J('train_model_v3/call/results_vol_surface_v5/config.json','data_provenance.export_min_maturity_days'))  [the maturity cut, stated in hours: export_min_maturity_days = 1.0 day  [by-line review: the export's minimum maturity, 24 hours]]",24.0,line,DERIVED,contracts with strictly more than 24 hours remaining to settlement. Contract identity (including
356,Quote-quality filter,0,0.0,theoretical constant,,"the T -> 0 limit of the decoder and the max(., 0) floor of the static no-arbitrage bounds; definitional, not measured  [the T -> 0 limit of the decoder and the max(., 0) floor of the static no-arbitrage bounds; definitional, not measured]",0.0,global,EXACT,"$\mathrm{disc} = e^{-rT}$, a call midpoint must lie in $[\max(\mathrm{fwd}-\mathrm{disc}, 0),"
357,Quote-quality filter,0,0.0,theoretical constant,,"the T -> 0 limit of the decoder and the max(., 0) floor of the static no-arbitrage bounds; definitional, not measured  [the T -> 0 limit of the decoder and the max(., 0) floor of the static no-arbitrage bounds; definitional, not measured]",0.0,global,EXACT,"\mathrm{fwd}]$ and a put midpoint in $[\max(\mathrm{disc}-\mathrm{fwd}, 0), \mathrm{disc}]$, computed in"
360,Quote-quality filter,2.21,2.21,derived statistic,wrds_data_2020-2025/DATASET_MANIFEST.json,"100.0 * (J('wrds_data_2020-2025/DATASET_MANIFEST.json','datasets.v4.files.call.rows') - J('wrds_data_2020-2025/DATASET_MANIFEST.json','datasets.v5.files.call.rows')) / J('wrds_data_2020-2025/DATASET_MANIFEST.json','datasets.v4.files.call.rows')  [call overall removal rate, rounded to two decimals in the text]",2.2060734620606377,global,DERIVED,Table~\ref{tab:retention} reports the resulting row counts: this filter removes 2.21\% of call rows and
361,Quote-quality filter,0.82,0.82,derived statistic,wrds_data_2020-2025/DATASET_MANIFEST.json,"100.0 * (J('wrds_data_2020-2025/DATASET_MANIFEST.json','datasets.v4.files.put.rows') - J('wrds_data_2020-2025/DATASET_MANIFEST.json','datasets.v5.files.put.rows')) / J('wrds_data_2020-2025/DATASET_MANIFEST.json','datasets.v4.files.put.rows')  [put overall removal rate, rounded to two decimals in the text]",0.8222319608902655,global,DERIVED,"0.82\% of put rows overall, with a small train-versus-test differential (well under one percentage"
364,Quote-quality filter,2015,2015.0,dataset/config/provenance,wrds_data_2020-2025/DATASET_MANIFEST.json,"float(J('wrds_data_2020-2025/DATASET_MANIFEST.json','datasets.v5.files.call.splits.train.first')[:4])  [start year of the sample; the manifest records the full date 2015-02-02]",2015.0,global,DERIVED,from 2015 to 2025. We do not claim that every removed midpoint reflects a realizable market arbitrage:
364,Quote-quality filter,2025,2025.0,dataset/config/provenance,wrds_data_2020-2025/DATASET_MANIFEST.json,"float(J('wrds_data_2020-2025/DATASET_MANIFEST.json','datasets.v5.files.call.splits.test.last')[:4])  [end year of the sample; the manifest records the full date 2025-08-29]",2025.0,global,DERIVED,from 2015 to 2025. We do not claim that every removed midpoint reflects a realizable market arbitrage:
373,tab:retention,2015-02-02,2015-02-02,dataset/config/provenance,wrds_data_2020-2025/DATASET_MANIFEST.json,datasets.v5.files.call.splits.train.first  [train-split first trade date],2015-02-02,global,EXACT,"filter removes individual rows, never a trade date): train 2{,}128 dates (2015-02-02 -- 2023-07-17),"
373,tab:retention,2023-07-17,2023-07-17,dataset/config/provenance,wrds_data_2020-2025/DATASET_MANIFEST.json,datasets.v5.files.call.splits.train.last  [train-split last trade date],2023-07-17,global,EXACT,"filter removes individual rows, never a trade date): train 2{,}128 dates (2015-02-02 -- 2023-07-17),"
373,tab:retention,"2{,}128",2128.0,dataset/config/provenance,wrds_data_2020-2025/DATASET_MANIFEST.json,"datasets.v5.files.call.splits.train.n_dates  [unique trade dates in the train split (the split is by date, not by row)]",2128.0,global,EXACT,"filter removes individual rows, never a trade date): train 2{,}128 dates (2015-02-02 -- 2023-07-17),"
374,tab:retention,2023-07-18,2023-07-18,dataset/config/provenance,wrds_data_2020-2025/DATASET_MANIFEST.json,datasets.v5.files.call.splits.val.first  [val-split first trade date],2023-07-18,global,EXACT,"validation 266 dates (2023-07-18 -- 2024-08-06), test 267 dates (2024-08-07 -- 2025-08-29).}"
374,tab:retention,2024-08-06,2024-08-06,dataset/config/provenance,wrds_data_2020-2025/DATASET_MANIFEST.json,datasets.v5.files.call.splits.val.last  [val-split last trade date],2024-08-06,global,EXACT,"validation 266 dates (2023-07-18 -- 2024-08-06), test 267 dates (2024-08-07 -- 2025-08-29).}"
374,tab:retention,2024-08-07,2024-08-07,dataset/config/provenance,wrds_data_2020-2025/DATASET_MANIFEST.json,datasets.v5.files.call.splits.test.first  [test-split first trade date],2024-08-07,global,EXACT,"validation 266 dates (2023-07-18 -- 2024-08-06), test 267 dates (2024-08-07 -- 2025-08-29).}"
374,tab:retention,2025-08-29,2025-08-29,dataset/config/provenance,wrds_data_2020-2025/DATASET_MANIFEST.json,datasets.v5.files.call.splits.test.last  [test-split last trade date],2025-08-29,global,EXACT,"validation 266 dates (2023-07-18 -- 2024-08-06), test 267 dates (2024-08-07 -- 2025-08-29).}"
374,tab:retention,266,266.0,dataset/config/provenance,wrds_data_2020-2025/DATASET_MANIFEST.json,"datasets.v5.files.call.splits.val.n_dates  [unique trade dates in the val split (the split is by date, not by row)]",266.0,global,EXACT,"validation 266 dates (2023-07-18 -- 2024-08-06), test 267 dates (2024-08-07 -- 2025-08-29).}"
374,tab:retention,267,267.0,dataset/config/provenance,wrds_data_2020-2025/DATASET_MANIFEST.json,"datasets.v5.files.call.splits.test.n_dates  [unique trade dates in the test split (the split is by date, not by row)]",267.0,global,EXACT,"validation 266 dates (2023-07-18 -- 2024-08-06), test 267 dates (2024-08-07 -- 2025-08-29).}"
380,tab:retention,1.878,1.878,derived statistic,wrds_data_2020-2025/DATASET_MANIFEST.json,"100.0 * (J('wrds_data_2020-2025/DATASET_MANIFEST.json','datasets.v4.files.call.splits.train.rows') - J('wrds_data_2020-2025/DATASET_MANIFEST.json','datasets.v5.files.call.splits.train.rows')) / J('wrds_data_2020-2025/DATASET_MANIFEST.json','datasets.v4.files.call.splits.train.rows')  [call train removal rate]",1.877546065353635,global,DERIVED,"Call & Train      & 3{,}360{,}823 & 3{,}297{,}722 & 63{,}101  & 1.878\% \\"
380,tab:retention,"3{,}297{,}722",3297722.0,dataset/config/provenance,wrds_data_2020-2025/DATASET_MANIFEST.json,"datasets.v5.files.call.splits.train.rows  [Call train rows, v5 sample (v4 = pre-quote-filter, v5 = filtered)]",3297722.0,global,EXACT,"Call & Train      & 3{,}360{,}823 & 3{,}297{,}722 & 63{,}101  & 1.878\% \\"
380,tab:retention,"3{,}360{,}823",3360823.0,dataset/config/provenance,wrds_data_2020-2025/DATASET_MANIFEST.json,"datasets.v4.files.call.splits.train.rows  [Call train rows, v4 sample (v4 = pre-quote-filter, v5 = filtered)]",3360823.0,global,EXACT,"Call & Train      & 3{,}360{,}823 & 3{,}297{,}722 & 63{,}101  & 1.878\% \\"
380,tab:retention,"63{,}101",63101.0,derived statistic,wrds_data_2020-2025/DATASET_MANIFEST.json,"J('wrds_data_2020-2025/DATASET_MANIFEST.json','datasets.v4.files.call.splits.train.rows') - J('wrds_data_2020-2025/DATASET_MANIFEST.json','datasets.v5.files.call.splits.train.rows')  [call train rows removed by the quote-quality filter]",63101.0,global,DERIVED,"Call & Train      & 3{,}360{,}823 & 3{,}297{,}722 & 63{,}101  & 1.878\% \\"
381,tab:retention,"25{,}072",25072.0,derived statistic,wrds_data_2020-2025/DATASET_MANIFEST.json,"J('wrds_data_2020-2025/DATASET_MANIFEST.json','datasets.v4.files.call.splits.val.rows') - J('wrds_data_2020-2025/DATASET_MANIFEST.json','datasets.v5.files.call.splits.val.rows')  [call val rows removed by the quote-quality filter]",25072.0,global,DERIVED,"Call & Validation & 754{,}276     & 729{,}204     & 25{,}072  & 3.324\% \\"
381,tab:retention,3.324,3.324,derived statistic,wrds_data_2020-2025/DATASET_MANIFEST.json,"100.0 * (J('wrds_data_2020-2025/DATASET_MANIFEST.json','datasets.v4.files.call.splits.val.rows') - J('wrds_data_2020-2025/DATASET_MANIFEST.json','datasets.v5.files.call.splits.val.rows')) / J('wrds_data_2020-2025/DATASET_MANIFEST.json','datasets.v4.files.call.splits.val.rows')  [call val removal rate]",3.323982202801097,global,DERIVED,"Call & Validation & 754{,}276     & 729{,}204     & 25{,}072  & 3.324\% \\"
381,tab:retention,"729{,}204",729204.0,dataset/config/provenance,wrds_data_2020-2025/DATASET_MANIFEST.json,"datasets.v5.files.call.splits.val.rows  [Call val rows, v5 sample (v4 = pre-quote-filter, v5 = filtered)]",729204.0,global,EXACT,"Call & Validation & 754{,}276     & 729{,}204     & 25{,}072  & 3.324\% \\"
381,tab:retention,"754{,}276",754276.0,dataset/config/provenance,wrds_data_2020-2025/DATASET_MANIFEST.json,"datasets.v4.files.call.splits.val.rows  [Call val rows, v4 sample (v4 = pre-quote-filter, v5 = filtered)]",754276.0,global,EXACT,"Call & Validation & 754{,}276     & 729{,}204     & 25{,}072  & 3.324\% \\"
382,tab:retention,2.516,2.516,derived statistic,wrds_data_2020-2025/DATASET_MANIFEST.json,"100.0 * (J('wrds_data_2020-2025/DATASET_MANIFEST.json','datasets.v4.files.call.splits.test.rows') - J('wrds_data_2020-2025/DATASET_MANIFEST.json','datasets.v5.files.call.splits.test.rows')) / J('wrds_data_2020-2025/DATASET_MANIFEST.json','datasets.v4.files.call.splits.test.rows')  [call test removal rate]",2.5164992450859196,global,DERIVED,"Call & Test       & 840{,}493     & 819{,}342     & 21{,}151  & 2.516\% \\"
382,tab:retention,"21{,}151",21151.0,derived statistic,wrds_data_2020-2025/DATASET_MANIFEST.json,"J('wrds_data_2020-2025/DATASET_MANIFEST.json','datasets.v4.files.call.splits.test.rows') - J('wrds_data_2020-2025/DATASET_MANIFEST.json','datasets.v5.files.call.splits.test.rows')  [call test rows removed by the quote-quality filter]",21151.0,global,DERIVED,"Call & Test       & 840{,}493     & 819{,}342     & 21{,}151  & 2.516\% \\"
382,tab:retention,"819{,}342",819342.0,dataset/config/provenance,wrds_data_2020-2025/DATASET_MANIFEST.json,"datasets.v5.files.call.splits.test.rows  [Call test rows, v5 sample (v4 = pre-quote-filter, v5 = filtered)]",819342.0,global,EXACT,"Call & Test       & 840{,}493     & 819{,}342     & 21{,}151  & 2.516\% \\"
382,tab:retention,"840{,}493",840493.0,dataset/config/provenance,wrds_data_2020-2025/DATASET_MANIFEST.json,"datasets.v4.files.call.splits.test.rows  [Call test rows, v4 sample (v4 = pre-quote-filter, v5 = filtered)]",840493.0,global,EXACT,"Call & Test       & 840{,}493     & 819{,}342     & 21{,}151  & 2.516\% \\"
383,tab:retention,"109{,}324",109324.0,derived statistic,wrds_data_2020-2025/DATASET_MANIFEST.json,"J('wrds_data_2020-2025/DATASET_MANIFEST.json','datasets.v4.files.call.rows') - J('wrds_data_2020-2025/DATASET_MANIFEST.json','datasets.v5.files.call.rows')  [call total rows removed by the quote-quality filter]",109324.0,global,DERIVED,"Call & \textbf{Total} & \textbf{4{,}955{,}592} & \textbf{4{,}846{,}268} & \textbf{109{,}324} & \textbf{2.206\%} \\"
383,tab:retention,2.206,2.206,derived statistic,wrds_data_2020-2025/DATASET_MANIFEST.json,"100.0 * (J('wrds_data_2020-2025/DATASET_MANIFEST.json','datasets.v4.files.call.rows') - J('wrds_data_2020-2025/DATASET_MANIFEST.json','datasets.v5.files.call.rows')) / J('wrds_data_2020-2025/DATASET_MANIFEST.json','datasets.v4.files.call.rows')  [call overall removal rate]",2.2060734620606377,global,DERIVED,"Call & \textbf{Total} & \textbf{4{,}955{,}592} & \textbf{4{,}846{,}268} & \textbf{109{,}324} & \textbf{2.206\%} \\"
383,tab:retention,"4{,}846{,}268",4846268.0,dataset/config/provenance,wrds_data_2020-2025/DATASET_MANIFEST.json,"datasets.v5.files.call.rows  [Call total rows, v5 sample]",4846268.0,global,EXACT,"Call & \textbf{Total} & \textbf{4{,}955{,}592} & \textbf{4{,}846{,}268} & \textbf{109{,}324} & \textbf{2.206\%} \\"
383,tab:retention,"4{,}955{,}592",4955592.0,dataset/config/provenance,wrds_data_2020-2025/DATASET_MANIFEST.json,"datasets.v4.files.call.rows  [Call total rows, v4 sample]",4955592.0,global,EXACT,"Call & \textbf{Total} & \textbf{4{,}955{,}592} & \textbf{4{,}846{,}268} & \textbf{109{,}324} & \textbf{2.206\%} \\"
385,tab:retention,0.881,0.881,derived statistic,wrds_data_2020-2025/DATASET_MANIFEST.json,"100.0 * (J('wrds_data_2020-2025/DATASET_MANIFEST.json','datasets.v4.files.put.splits.train.rows') - J('wrds_data_2020-2025/DATASET_MANIFEST.json','datasets.v5.files.put.splits.train.rows')) / J('wrds_data_2020-2025/DATASET_MANIFEST.json','datasets.v4.files.put.splits.train.rows')  [put train removal rate]",0.8807534461978289,global,DERIVED,"Put  & Train      & 5{,}370{,}629 & 5{,}323{,}327 & 47{,}302 & 0.881\% \\"
385,tab:retention,"47{,}302",47302.0,derived statistic,wrds_data_2020-2025/DATASET_MANIFEST.json,"J('wrds_data_2020-2025/DATASET_MANIFEST.json','datasets.v4.files.put.splits.train.rows') - J('wrds_data_2020-2025/DATASET_MANIFEST.json','datasets.v5.files.put.splits.train.rows')  [put train rows removed by the quote-quality filter]",47302.0,global,DERIVED,"Put  & Train      & 5{,}370{,}629 & 5{,}323{,}327 & 47{,}302 & 0.881\% \\"
385,tab:retention,"5{,}323{,}327",5323327.0,dataset/config/provenance,wrds_data_2020-2025/DATASET_MANIFEST.json,"datasets.v5.files.put.splits.train.rows  [Put train rows, v5 sample (v4 = pre-quote-filter, v5 = filtered)]",5323327.0,global,EXACT,"Put  & Train      & 5{,}370{,}629 & 5{,}323{,}327 & 47{,}302 & 0.881\% \\"
385,tab:retention,"5{,}370{,}629",5370629.0,dataset/config/provenance,wrds_data_2020-2025/DATASET_MANIFEST.json,"datasets.v4.files.put.splits.train.rows  [Put train rows, v4 sample (v4 = pre-quote-filter, v5 = filtered)]",5370629.0,global,EXACT,"Put  & Train      & 5{,}370{,}629 & 5{,}323{,}327 & 47{,}302 & 0.881\% \\"
386,tab:retention,0.676,0.676,derived statistic,wrds_data_2020-2025/DATASET_MANIFEST.json,"100.0 * (J('wrds_data_2020-2025/DATASET_MANIFEST.json','datasets.v4.files.put.splits.val.rows') - J('wrds_data_2020-2025/DATASET_MANIFEST.json','datasets.v5.files.put.splits.val.rows')) / J('wrds_data_2020-2025/DATASET_MANIFEST.json','datasets.v4.files.put.splits.val.rows')  [put val removal rate]",0.6757970820070653,global,DERIVED,"Put  & Validation & 1{,}229{,}955 & 1{,}221{,}643 & 8{,}312  & 0.676\% \\"
386,tab:retention,"1{,}221{,}643",1221643.0,dataset/config/provenance,wrds_data_2020-2025/DATASET_MANIFEST.json,"datasets.v5.files.put.splits.val.rows  [Put val rows, v5 sample (v4 = pre-quote-filter, v5 = filtered)]",1221643.0,global,EXACT,"Put  & Validation & 1{,}229{,}955 & 1{,}221{,}643 & 8{,}312  & 0.676\% \\"
386,tab:retention,"1{,}229{,}955",1229955.0,dataset/config/provenance,wrds_data_2020-2025/DATASET_MANIFEST.json,"datasets.v4.files.put.splits.val.rows  [Put val rows, v4 sample (v4 = pre-quote-filter, v5 = filtered)]",1229955.0,global,EXACT,"Put  & Validation & 1{,}229{,}955 & 1{,}221{,}643 & 8{,}312  & 0.676\% \\"
386,tab:retention,"8{,}312",8312.0,derived statistic,wrds_data_2020-2025/DATASET_MANIFEST.json,"J('wrds_data_2020-2025/DATASET_MANIFEST.json','datasets.v4.files.put.splits.val.rows') - J('wrds_data_2020-2025/DATASET_MANIFEST.json','datasets.v5.files.put.splits.val.rows')  [put val rows removed by the quote-quality filter]",8312.0,global,DERIVED,"Put  & Validation & 1{,}229{,}955 & 1{,}221{,}643 & 8{,}312  & 0.676\% \\"
387,tab:retention,0.726,0.726,derived statistic,wrds_data_2020-2025/DATASET_MANIFEST.json,"100.0 * (J('wrds_data_2020-2025/DATASET_MANIFEST.json','datasets.v4.files.put.splits.test.rows') - J('wrds_data_2020-2025/DATASET_MANIFEST.json','datasets.v5.files.put.splits.test.rows')) / J('wrds_data_2020-2025/DATASET_MANIFEST.json','datasets.v4.files.put.splits.test.rows')  [put test removal rate]",0.7257258337109035,global,DERIVED,"Put  & Test       & 1{,}390{,}470 & 1{,}380{,}379 & 10{,}091 & 0.726\% \\"
387,tab:retention,"10{,}091",10091.0,derived statistic,wrds_data_2020-2025/DATASET_MANIFEST.json,"J('wrds_data_2020-2025/DATASET_MANIFEST.json','datasets.v4.files.put.splits.test.rows') - J('wrds_data_2020-2025/DATASET_MANIFEST.json','datasets.v5.files.put.splits.test.rows')  [put test rows removed by the quote-quality filter]",10091.0,global,DERIVED,"Put  & Test       & 1{,}390{,}470 & 1{,}380{,}379 & 10{,}091 & 0.726\% \\"
387,tab:retention,"1{,}380{,}379",1380379.0,dataset/config/provenance,wrds_data_2020-2025/DATASET_MANIFEST.json,"datasets.v5.files.put.splits.test.rows  [Put test rows, v5 sample (v4 = pre-quote-filter, v5 = filtered)]",1380379.0,global,EXACT,"Put  & Test       & 1{,}390{,}470 & 1{,}380{,}379 & 10{,}091 & 0.726\% \\"
387,tab:retention,"1{,}390{,}470",1390470.0,dataset/config/provenance,wrds_data_2020-2025/DATASET_MANIFEST.json,"datasets.v4.files.put.splits.test.rows  [Put test rows, v4 sample (v4 = pre-quote-filter, v5 = filtered)]",1390470.0,global,EXACT,"Put  & Test       & 1{,}390{,}470 & 1{,}380{,}379 & 10{,}091 & 0.726\% \\"
388,tab:retention,0.822,0.822,derived statistic,wrds_data_2020-2025/DATASET_MANIFEST.json,"100.0 * (J('wrds_data_2020-2025/DATASET_MANIFEST.json','datasets.v4.files.put.rows') - J('wrds_data_2020-2025/DATASET_MANIFEST.json','datasets.v5.files.put.rows')) / J('wrds_data_2020-2025/DATASET_MANIFEST.json','datasets.v4.files.put.rows')  [put overall removal rate]",0.8222319608902655,global,DERIVED,"Put  & \textbf{Total} & \textbf{7{,}991{,}054} & \textbf{7{,}925{,}349} & \textbf{65{,}705} & \textbf{0.822\%} \\"
388,tab:retention,"65{,}705",65705.0,derived statistic,wrds_data_2020-2025/DATASET_MANIFEST.json,"J('wrds_data_2020-2025/DATASET_MANIFEST.json','datasets.v4.files.put.rows') - J('wrds_data_2020-2025/DATASET_MANIFEST.json','datasets.v5.files.put.rows')  [put total rows removed by the quote-quality filter]",65705.0,global,DERIVED,"Put  & \textbf{Total} & \textbf{7{,}991{,}054} & \textbf{7{,}925{,}349} & \textbf{65{,}705} & \textbf{0.822\%} \\"
388,tab:retention,"7{,}925{,}349",7925349.0,dataset/config/provenance,wrds_data_2020-2025/DATASET_MANIFEST.json,"datasets.v5.files.put.rows  [Put total rows, v5 sample]",7925349.0,global,EXACT,"Put  & \textbf{Total} & \textbf{7{,}991{,}054} & \textbf{7{,}925{,}349} & \textbf{65{,}705} & \textbf{0.822\%} \\"
388,tab:retention,"7{,}991{,}054",7991054.0,dataset/config/provenance,wrds_data_2020-2025/DATASET_MANIFEST.json,"datasets.v4.files.put.rows  [Put total rows, v4 sample]",7991054.0,global,EXACT,"Put  & \textbf{Total} & \textbf{7{,}991{,}054} & \textbf{7{,}925{,}349} & \textbf{65{,}705} & \textbf{0.822\%} \\"
394,Quote-quality filter,1.73,1.73,dataset/config/provenance,wrds_data_2020-2025/VALIDATION_v5.json,"max(float(J('wrds_data_2020-2025/VALIDATION_v5.json','checks.15.detail').split('=')[1].split()[0]), float(J('wrds_data_2020-2025/VALIDATION_v5.json','checks.37.detail').split('=')[1].split()[0]))  [minimum maturity over the full filtered dataset; checks 15 (call) and 37 (put) 'every T > 1.0 days', detail 'min = 1.7292 days' on both option types]",1.7292,global,DERIVED,"non-finite values, and a minimum maturity of 1.73 days across all 4{,}846{,}268 call and 7{,}925{,}349"
394,Quote-quality filter,"4{,}846{,}268",4846268.0,dataset/config/provenance,wrds_data_2020-2025/DATASET_MANIFEST.json,"datasets.v5.files.call.rows  [Call total rows, v5 sample]",4846268.0,global,EXACT,"non-finite values, and a minimum maturity of 1.73 days across all 4{,}846{,}268 call and 7{,}925{,}349"
394,Quote-quality filter,"7{,}925{,}349",7925349.0,dataset/config/provenance,wrds_data_2020-2025/DATASET_MANIFEST.json,"datasets.v5.files.put.rows  [Put total rows, v5 sample]",7925349.0,global,EXACT,"non-finite values, and a minimum maturity of 1.73 days across all 4{,}846{,}268 call and 7{,}925{,}349"
395,Quote-quality filter,0.00,0.0,experiment output,results/duplicate_inputs_v5.json,"results.option_type=call.keys.input_key.full_dataset.pct_rows_in_dup_groups  [duplicate-input rate on the key (date, log_moneyness, T, r, q). results/duplicate_inputs_v5.json extends the published test-split check (VALIDATION_v5.json duplicate_input_pct_test) to train, validation and the full file; all are 0]",0.0,global,EXACT,"put rows, and a separate duplicate-input check finds \textbf{0.00\%} duplicate-input rows within every"
398,Quote-quality filter,0,0.0,theoretical constant,,"the T -> 0 limit of the decoder and the max(., 0) floor of the static no-arbitrage bounds; definitional, not measured  [the T -> 0 limit of the decoder and the max(., 0) floor of the static no-arbitrage bounds; definitional, not measured]",0.0,global,EXACT,"date under the settlement-aware maturity cut, so the $T{=}0$ degeneracy discussed in"
403,Train/validation/test split,10,10.0,dataset/config/provenance,results/spline_boundary_decomposition_v5.json,"results.option_type=call.grid.abs_delta_bounds.0  [the surface grid's lower |delta| and lower tenor (10-day) boundary, which is what most occurrences mean. The same literal is also the 80/10/10 split shares, the +-10%% band in Figure F5, the squared-log-error tail threshold, and min_finetune_epochs=10 in every run's config.json]",10.0,global,EXACT,"The 80/10/10 split is by unique trade date, not by row: all contracts quoted on a given date are"
403,Train/validation/test split,10,10.0,dataset/config/provenance,results/spline_boundary_decomposition_v5.json,"results.option_type=call.grid.abs_delta_bounds.0  [the surface grid's lower |delta| and lower tenor (10-day) boundary, which is what most occurrences mean. The same literal is also the 80/10/10 split shares, the +-10%% band in Figure F5, the squared-log-error tail threshold, and min_finetune_epochs=10 in every run's config.json]",10.0,global,EXACT,"The 80/10/10 split is by unique trade date, not by row: all contracts quoted on a given date are"
403,Train/validation/test split,80,80.0,derived statistic,wrds_data_2020-2025/DATASET_MANIFEST.json,"100.0 * J('wrds_data_2020-2025/DATASET_MANIFEST.json','datasets.v5.files.call.splits.train.n_dates') / (J('wrds_data_2020-2025/DATASET_MANIFEST.json','datasets.v5.files.call.splits.train.n_dates') + J('wrds_data_2020-2025/DATASET_MANIFEST.json','datasets.v5.files.call.splits.val.n_dates') + J('wrds_data_2020-2025/DATASET_MANIFEST.json','datasets.v5.files.call.splits.test.n_dates'))  [the '80' of the 80/10/10 date split: 2,128 of 2,661 unique trade dates = 79.97%  [by-line review: train share of the 80/10/10 by-date split]]",79.96993611424277,line,DERIVED,"The 80/10/10 split is by unique trade date, not by row: all contracts quoted on a given date are"
406,Train/validation/test split,21,21.0,dataset/config/provenance,train_model_v3/call/results_spot_history_v5/config.json,grid_h  [trailing trading days in the SPX/VIX history windows],21.0,global,EXACT,whatsoever crosses a split boundary. The 21-trading-day trailing SPX and VIX feature windows reach back
416,What is not reconstructed,"13{,}595{,}211",13595211.0,dataset/config/provenance,wrds_data_2020-2025/VALIDATION_v5.json,"files.option_type=call.parquet_rows_all_types  [post-preprocessing parquet total, both option types, before the maturity cut]",13595211.0,global,EXACT,"pipeline; only the post-preprocessing parquet total (13{,}595{,}211 rows, both option types combined,"
426,Data availability,108105,108105.0,dataset/config/provenance,wrds_data_2020-2025/pre_process_1_data_v4.py,"regex SECID\s*=\s*(\d+)  [OptionMetrics secid for the S&P 500 index, as used by the preprocessing code]",108105.0,global,EXACT,dataset used here from the raw SPX options tables (secid 108105) and CBOE VIX history using the
437,Core training runs,100,100.0,dataset/config/provenance,train_model_v3/call/results_vol_surface_v5/config.json,epochs_adam  [Adam-phase epochs],100.0,global,EXACT,Section~\ref{sec:data} with a shared training configuration: a first phase of Adam optimization (100
438,Core training runs,10^{-3},0.001,dataset/config/provenance,train_model_v3/call/results_vol_surface_v5/config.json,lr  [Adam-phase learning rate],0.001,global,EXACT,"epochs, learning rate $10^{-3}$, reduce-on-plateau scheduling) followed by a fine-tuning phase (50"
438,Core training runs,50,50.0,dataset/config/provenance,train_model_v3/call/results_vol_surface_v5/config.json,epochs_finetune  [fine-tuning epochs; the same literal is also the |delta|=50 column the spline baseline's fixed point is initialised at],50.0,global,EXACT,"epochs, learning rate $10^{-3}$, reduce-on-plateau scheduling) followed by a fine-tuning phase (50"
439,Core training runs,1.0,1.0,dataset/config/provenance,train_model_v3/call/results_vol_surface_v5/config.json,grad_clip  [gradient-norm clipping threshold],1.0,global,EXACT,"epochs, learning rate $10^{-5}$); batch size 256; gradient-norm clipping at 1.0; early stopping on"
439,Core training runs,10^{-5},1e-05,dataset/config/provenance,train_model_v3/call/results_vol_surface_v5/config.json,finetune_lr  [fine-tuning learning rate],1e-05,global,EXACT,"epochs, learning rate $10^{-5}$); batch size 256; gradient-norm clipping at 1.0; early stopping on"
439,Core training runs,256,256.0,dataset/config/provenance,train_model_v3/call/results_vol_surface_v5/config.json,batch_size  [training batch size],256.0,global,EXACT,"epochs, learning rate $10^{-5}$); batch size 256; gradient-norm clipping at 1.0; early stopping on"
440,Core training runs,42,42.0,dataset/config/provenance,train_model_v3/call/results_vol_surface_v5/config.json,seed  [canonical seed for all twelve core runs],42.0,global,EXACT,validation MSE with patience 5 in each phase. All twelve runs use seed 42; the four headline
440,Core training runs,5,5.0,dataset/config/provenance,train_model_v3/call/results_vol_surface_v5/config.json,patience_adam  [early-stopping patience in each phase; the same literal is also the SPX-history grid width (21x5) and Figure F3's 5x9 grid],5.0,global,EXACT,validation MSE with patience 5 in each phase. All twelve runs use seed 42; the four headline
441,Core training runs,43,43.0,dataset/config/provenance,train_model_v3/call/results_vol_surface_v5_seed43/config.json,seed  [replication seed],43.0,global,EXACT,"IV-surface runs (call/put $\times$ architecture A/B) are additionally trained at two more seeds (43,"
442,Core training runs,44,44.0,dataset/config/provenance,train_model_v3/call/results_vol_surface_v5_seed44/config.json,seed  [replication seed],44.0,global,EXACT,44) to give a dispersion estimate for the architecture comparison and for the surface branch's own
446,Core training runs,1,1.0,experiment output,train_model_v3/call/results_spot_history_v5/loss_history.txt,"max(min(EPOCHS('train_model_v3/call/results_spot_history_v5/loss_history.txt'), key=lambda r: r[2])[0], min(EPOCHS('train_model_v3/put/results_spot_history_don_v5/loss_history.txt'), key=lambda r: r[2])[0])  [both SPX-history runs named in the sentence (call arch A, put arch B) reach their lowest validation loss at epoch 1: 0.248027 and 0.252674, against final 0.305326 and 0.318117]",1.0,line,DERIVED,"architecture A and put SPX history with architecture B, reached their best validation loss at epoch 1"
447,Core training runs,16,16.0,experiment output,train_model_v3/call/results_spot_history_v5/loss_history.txt,"max(len(EPOCHS('train_model_v3/call/results_spot_history_v5/loss_history.txt')), len(EPOCHS('train_model_v3/put/results_spot_history_don_v5/loss_history.txt')))  [epochs recorded in the two SPX-history loss histories (call arch A, put arch B); both stop at 16]",16.0,global,DERIVED,of the 16 epochs recorded and never improved on it
461,Baselines,0,0.0,theoretical constant,,"the T -> 0 limit of the decoder and the max(., 0) floor of the static no-arbitrage bounds; definitional, not measured  [the T -> 0 limit of the decoder and the max(., 0) floor of the static no-arbitrage bounds; definitional, not measured]",0.0,global,EXACT,"$\max(\mathrm{fwd}-\mathrm{disc},0)$ and a put at $\max(\mathrm{disc}-\mathrm{fwd},0)$ in $V/K$ units"
461,Baselines,0,0.0,theoretical constant,,"the T -> 0 limit of the decoder and the max(., 0) floor of the static no-arbitrage bounds; definitional, not measured  [the T -> 0 limit of the decoder and the max(., 0) floor of the static no-arbitrage bounds; definitional, not measured]",0.0,global,EXACT,"$\max(\mathrm{fwd}-\mathrm{disc},0)$ and a put at $\max(\mathrm{disc}-\mathrm{fwd},0)$ in $V/K$ units"
465,Baselines,11,11.0,dataset/config/provenance,train_model_v3/call/results_vol_surface_v5/config.json,grid_h  [surface grid maturities],11.0,global,EXACT,"interpolation (nearest-neighbor, bilinear, and cubic-spline fits to the observed $11 \times 17$"
465,Baselines,17,17.0,dataset/config/provenance,train_model_v3/call/results_vol_surface_v5/config.json,grid_w  [surface grid delta points],17.0,global,EXACT,"interpolation (nearest-neighbor, bilinear, and cubic-spline fits to the observed $11 \times 17$"
468,Baselines,"300{,}000",300000.0,dataset/config/provenance,results/baselines_v5.json,"records.option_type=call&baseline=const_sigma.params.n_fit_rows  [every fitted baseline constant (const_sigma, const_sigma_pxfit, vix_level_scaled*, realized/ewma *_scaled*) records n_fit_rows 300000, fitted_on 'split_id==0 (train)', subsample_seed 0]",300000.0,global,EXACT,"factor alike, is fitted on one fixed uniform 300{,}000-row subsample of the training split drawn with"
469,Baselines,0,0.0,theoretical constant,,"the T -> 0 limit of the decoder and the max(., 0) floor of the static no-arbitrage bounds; definitional, not measured  [the T -> 0 limit of the decoder and the max(., 0) floor of the static no-arbitrage bounds; definitional, not measured]",0.0,global,EXACT,"seed 0 (\texttt{results/baselines\_v5.json}), not on the full training split. The same"
481,Baselines,0.7,0.7,dataset/config/provenance,analysis/baselines.py,regex damping=([0-9.]+)  [damping factor of the spline baseline's delta fixed-point iteration (surface_sigma default)],0.7,global,EXACT,"damping 0.7, initialized at the at-the-money $|\delta| = 50$ column, tolerance $10^{-6}$), and report"
481,Baselines,10^{-6},1e-06,theoretical constant,,"two distinct roles: the spline baseline's fixed-point tolerance and the reproduction tolerance in analysis/spline_boundary_decomposition.py (--tol 1e-6). The THIRD occurrence, the per-query evaluator agreement on L1020, is a different claim and is overridden per line  [two distinct roles: the spline baseline's fixed-point tolerance and the reproduction tolerance in analysis/spline_boundary_decomposition.py (--tol 1e-6). The THIRD occurrence, the per-query evaluator agreement on L1020, is a different claim and is overridden per line]",1e-06,global,EXACT,"damping 0.7, initialized at the at-the-money $|\delta| = 50$ column, tolerance $10^{-6}$), and report"
481,Baselines,50,50.0,dataset/config/provenance,train_model_v3/call/results_vol_surface_v5/config.json,epochs_finetune  [fine-tuning epochs; the same literal is also the |delta|=50 column the spline baseline's fixed point is initialised at],50.0,global,EXACT,"damping 0.7, initialized at the at-the-money $|\delta| = 50$ column, tolerance $10^{-6}$), and report"
485,Baselines,10,10.0,dataset/config/provenance,results/spline_boundary_decomposition_v5.json,"results.option_type=call.grid.abs_delta_bounds.0  [the surface grid's lower |delta| and lower tenor (10-day) boundary, which is what most occurrences mean. The same literal is also the 80/10/10 split shares, the +-10%% band in Figure F5, the squared-log-error tail threshold, and min_finetune_epochs=10 in every run's config.json]",10.0,global,EXACT,"10 or above 730 days, deltas outside the $10$--$90$ band) are clamped to the nearest grid boundary"
485,Baselines,10,10.0,dataset/config/provenance,results/spline_boundary_decomposition_v5.json,"results.option_type=call.grid.abs_delta_bounds.0  [the surface grid's lower |delta| and lower tenor (10-day) boundary, which is what most occurrences mean. The same literal is also the 80/10/10 split shares, the +-10%% band in Figure F5, the squared-log-error tail threshold, and min_finetune_epochs=10 in every run's config.json]",10.0,global,EXACT,"10 or above 730 days, deltas outside the $10$--$90$ band) are clamped to the nearest grid boundary"
485,Baselines,730,730.0,dataset/config/provenance,results/spline_boundary_decomposition_v5.json,results.option_type=call.grid.day_bounds.1  [upper tenor bound (calendar days) of the standardized surface grid],730.0,global,EXACT,"10 or above 730 days, deltas outside the $10$--$90$ band) are clamped to the nearest grid boundary"
485,Baselines,90,90.0,dataset/config/provenance,results/spline_boundary_decomposition_v5.json,"results.option_type=call.grid.abs_delta_bounds.1  [upper |delta| bound of the OptionMetrics standardized surface grid, as read off the grid itself; the same literal is also a Figure F2 maturity-bucket edge (90 days)]",90.0,global,EXACT,"10 or above 730 days, deltas outside the $10$--$90$ band) are clamped to the nearest grid boundary"
487,Baselines,"227{,}607",227607.0,experiment output,results/baselines_v5.json,records.option_type=call&baseline=surface_spline.diagnostics.n_out_of_grid_delta  [cubic-spline surface baseline grid-clamping diagnostic],227607.0,global,EXACT,"not report. On the test split this clamping reaches a large minority of rows: 227{,}607 call and"
488,Baselines,"170{,}616",170616.0,experiment output,results/baselines_v5.json,records.option_type=call&baseline=surface_spline.diagnostics.n_out_of_grid_tenor  [cubic-spline surface baseline grid-clamping diagnostic],170616.0,global,EXACT,"602{,}724 put rows are clamped on the delta axis, and 170{,}616 call and 274{,}497 put rows on the"
488,Baselines,"274{,}497",274497.0,experiment output,results/baselines_v5.json,records.option_type=put&baseline=surface_spline.diagnostics.n_out_of_grid_tenor  [cubic-spline surface baseline grid-clamping diagnostic],274497.0,global,EXACT,"602{,}724 put rows are clamped on the delta axis, and 170{,}616 call and 274{,}497 put rows on the"
488,Baselines,"602{,}724",602724.0,experiment output,results/baselines_v5.json,records.option_type=put&baseline=surface_spline.diagnostics.n_out_of_grid_delta  [cubic-spline surface baseline grid-clamping diagnostic],602724.0,global,EXACT,"602{,}724 put rows are clamped on the delta axis, and 170{,}616 call and 274{,}497 put rows on the"
492,Baselines,0.7628,0.7628,experiment output,results/baselines_v5.json,"records.option_type=call&baseline=surface_nearest.metrics.all.r2_log_filtered  [baseline table, call surface_nearest]",0.7628444293009446,global,ROUNDED-OK,"it is the strongest of the three on both option types (calls, $R^2(\log)$: 0.7628 nearest, 0.7641"
492,Baselines,0.7641,0.7641,experiment output,results/baselines_v5.json,"records.option_type=call&baseline=surface_bilinear.metrics.all.r2_log_filtered  [baseline table, call surface_bilinear]",0.7641318660253549,global,ROUNDED-OK,"it is the strongest of the three on both option types (calls, $R^2(\log)$: 0.7628 nearest, 0.7641"
493,Baselines,0.7642,0.7642,experiment output,results/baselines_v5.json,"records.option_type=call&baseline=surface_spline.metrics.all.r2_log_filtered  [baseline table, call surface_spline  [by-line review: call IV-surface-spline baseline R2(log)]]",0.7641812033041802,line,ROUNDED-OK,"bilinear, 0.7642 spline), and because it is the smoothest, which is the fairest comparator against a"
504,Ablation: per-query vs.\ scalar $\hat\sigma$,42,42.0,dataset/config/provenance,train_model_v3/call/results_vol_surface_v5/config.json,seed  [canonical seed for all twelve core runs],42.0,global,EXACT,"ablation's per-query reference run, it is trained at a single seed (42) and is not replicated, so the"
513,Greeks consistency check,"2{,}000",2000.0,dataset/config/provenance,results/greeks_check_call_v5.json,n_sampled  [sampled test contracts per option type in the greeks check],2000.0,global,EXACT,"For the trained IV-surface, architecture-A models, we sample 2{,}000 test contracts per option type and"
528,Main results across market-state inputs and architectures,1,1.0,theoretical constant,,"the 1x1-convolution skip connections, the 1-D native form of the history tensors, and the T <= 1 day maturity cut; definitional or config (see 24 hours)  [the 1x1-convolution skip connections, the 1-D native form of the history tensors, and the T <= 1 day maturity cut; definitional or config (see 24 hours)]",1.0,global,EXACT,"maturity filter removes every contract with $T \leq 1$ day, $R^2(\log, \text{full})$ and $R^2(\log,"
529,Main results across market-state inputs and architectures,1,1.0,theoretical constant,,"the 1x1-convolution skip connections, the 1-D native form of the history tensors, and the T <= 1 day maturity cut; definitional or config (see 24 hours)  [the 1x1-convolution skip connections, the 1-D native form of the history tensors, and the T <= 1 day maturity cut; definitional or config (see 24 hours)]",1.0,global,EXACT,"T{>}1\text{ day})$ coincide numerically on this dataset, so we report a single log-$R^2$ column."
534,tab:t1,42,42.0,dataset/config/provenance,train_model_v3/call/results_vol_surface_v5/config.json,seed  [canonical seed for all twelve core runs],42.0,global,EXACT,\caption{Test-set metrics for all twelve core runs (seed 42). $R^2(\log)$ is on $\log(V/K)$;
541,tab:t1,0.000641,0.000641,experiment output,train_model_v3/call/results_vol_surface_v5/metrics.json,mae_price  [Table T1 / all_metrics_v5.csv row call/results_vol_surface_v5],0.0006407989714068488,global,ROUNDED-OK,Call & IV surface  & A & 0.999977 & \textbf{0.991044} & 0.221894 & 0.000641 \\
541,tab:t1,0.221894,0.221894,experiment output,train_model_v3/call/results_vol_surface_v5/metrics.json,rmse_log  [Table T1 / all_metrics_v5.csv row call/results_vol_surface_v5  [by-line review: call IV-surface architecture-A RMSE(log)]],0.22189425443277289,line,ROUNDED-OK,Call & IV surface  & A & 0.999977 & \textbf{0.991044} & 0.221894 & 0.000641 \\
541,tab:t1,0.991044,0.991044,experiment output,train_model_v3/call/results_vol_surface_v5/metrics.json,r2_log_filtered  [Table T1 / all_metrics_v5.csv row call/results_vol_surface_v5  [by-line review: call IV-surface architecture-A R2(log)]],0.9910440400919907,line,ROUNDED-OK,Call & IV surface  & A & 0.999977 & \textbf{0.991044} & 0.221894 & 0.000641 \\
541,tab:t1,0.999977,0.999977,experiment output,train_model_v3/call/results_vol_surface_v5/metrics.json,r2_price  [Table T1 / all_metrics_v5.csv row call/results_vol_surface_v5  [by-line review: call IV-surface architecture-A R2(price)]],0.9999769213678237,line,ROUNDED-OK,Call & IV surface  & A & 0.999977 & \textbf{0.991044} & 0.221894 & 0.000641 \\
542,tab:t1,0.000739,0.000739,experiment output,train_model_v3/call/results_vol_surface_don_v5/metrics.json,mae_price  [Table T1 / all_metrics_v5.csv row call/results_vol_surface_don_v5],0.0007388780879945163,global,ROUNDED-OK,Call & IV surface  & B & 0.999914 & 0.990290 & 0.231041 & 0.000739 \\
542,tab:t1,0.231041,0.231041,experiment output,train_model_v3/call/results_vol_surface_don_v5/metrics.json,rmse_log  [Table T1 / all_metrics_v5.csv row call/results_vol_surface_don_v5],0.2310413108092231,global,ROUNDED-OK,Call & IV surface  & B & 0.999914 & 0.990290 & 0.231041 & 0.000739 \\
542,tab:t1,0.990290,0.99029,experiment output,train_model_v3/call/results_vol_surface_don_v5/metrics.json,r2_log_filtered  [Table T1 / all_metrics_v5.csv row call/results_vol_surface_don_v5],0.9902904454431337,global,ROUNDED-OK,Call & IV surface  & B & 0.999914 & 0.990290 & 0.231041 & 0.000739 \\
542,tab:t1,0.999914,0.999914,experiment output,train_model_v3/call/results_vol_surface_don_v5/metrics.json,r2_price  [Table T1 / all_metrics_v5.csv row call/results_vol_surface_don_v5],0.9999138031718999,global,ROUNDED-OK,Call & IV surface  & B & 0.999914 & 0.990290 & 0.231041 & 0.000739 \\
543,tab:t1,0.003569,0.003569,experiment output,train_model_v3/call/results_spot_history_v5/metrics.json,mae_price  [Table T1 / all_metrics_v5.csv row call/results_spot_history_v5],0.003569309829194007,global,ROUNDED-OK,Call & SPX history & A & 0.999812 & 0.922020 & 0.654761 & 0.003569 \\
543,tab:t1,0.654761,0.654761,experiment output,train_model_v3/call/results_spot_history_v5/metrics.json,rmse_log  [Table T1 / all_metrics_v5.csv row call/results_spot_history_v5],0.6547609445280036,global,ROUNDED-OK,Call & SPX history & A & 0.999812 & 0.922020 & 0.654761 & 0.003569 \\
543,tab:t1,0.922020,0.92202,experiment output,train_model_v3/call/results_spot_history_v5/metrics.json,r2_log_filtered  [Table T1 / all_metrics_v5.csv row call/results_spot_history_v5],0.9220195818490409,global,ROUNDED-OK,Call & SPX history & A & 0.999812 & 0.922020 & 0.654761 & 0.003569 \\
543,tab:t1,0.999812,0.999812,experiment output,train_model_v3/call/results_spot_history_v5/metrics.json,r2_price  [Table T1 / all_metrics_v5.csv row call/results_spot_history_v5],0.999811806325173,global,ROUNDED-OK,Call & SPX history & A & 0.999812 & 0.922020 & 0.654761 & 0.003569 \\
544,tab:t1,0.002769,0.002769,experiment output,train_model_v3/call/results_spot_history_don_v5/metrics.json,mae_price  [Table T1 / all_metrics_v5.csv row call/results_spot_history_don_v5],0.00276885807533094,global,ROUNDED-OK,Call & SPX history & B & 0.999181 & 0.944390 & 0.552923 & 0.002769 \\
544,tab:t1,0.552923,0.552923,experiment output,train_model_v3/call/results_spot_history_don_v5/metrics.json,rmse_log  [Table T1 / all_metrics_v5.csv row call/results_spot_history_don_v5],0.5529232797225873,global,ROUNDED-OK,Call & SPX history & B & 0.999181 & 0.944390 & 0.552923 & 0.002769 \\
544,tab:t1,0.944390,0.94439,experiment output,train_model_v3/call/results_spot_history_don_v5/metrics.json,r2_log_filtered  [Table T1 / all_metrics_v5.csv row call/results_spot_history_don_v5],0.9443903992004695,global,ROUNDED-OK,Call & SPX history & B & 0.999181 & 0.944390 & 0.552923 & 0.002769 \\
544,tab:t1,0.999181,0.999181,experiment output,train_model_v3/call/results_spot_history_don_v5/metrics.json,r2_price  [Table T1 / all_metrics_v5.csv row call/results_spot_history_don_v5],0.9991813576431201,global,ROUNDED-OK,Call & SPX history & B & 0.999181 & 0.944390 & 0.552923 & 0.002769 \\
545,tab:t1,0.003114,0.003114,experiment output,train_model_v3/call/results_vix_history_v5/metrics.json,mae_price  [Table T1 / all_metrics_v5.csv row call/results_vix_history_v5],0.0031143493422382384,global,ROUNDED-OK,Call & VIX history & A & 0.999848 & 0.921333 & 0.657639 & 0.003114 \\
545,tab:t1,0.657639,0.657639,experiment output,train_model_v3/call/results_vix_history_v5/metrics.json,rmse_log  [Table T1 / all_metrics_v5.csv row call/results_vix_history_v5],0.6576388386943245,global,ROUNDED-OK,Call & VIX history & A & 0.999848 & 0.921333 & 0.657639 & 0.003114 \\
545,tab:t1,0.921333,0.921333,experiment output,train_model_v3/call/results_vix_history_v5/metrics.json,r2_log_filtered  [Table T1 / all_metrics_v5.csv row call/results_vix_history_v5],0.921332575112781,global,ROUNDED-OK,Call & VIX history & A & 0.999848 & 0.921333 & 0.657639 & 0.003114 \\
545,tab:t1,0.999848,0.999848,experiment output,train_model_v3/call/results_vix_history_v5/metrics.json,r2_price  [Table T1 / all_metrics_v5.csv row call/results_vix_history_v5],0.9998482515681267,global,ROUNDED-OK,Call & VIX history & A & 0.999848 & 0.921333 & 0.657639 & 0.003114 \\
546,tab:t1,0.002985,0.002985,experiment output,train_model_v3/call/results_vix_history_don_v5/metrics.json,mae_price  [Table T1 / all_metrics_v5.csv row call/results_vix_history_don_v5],0.002984663655104316,global,ROUNDED-OK,Call & VIX history & B & 0.998125 & 0.939874 & 0.574940 & 0.002985 \\
546,tab:t1,0.574940,0.57494,experiment output,train_model_v3/call/results_vix_history_don_v5/metrics.json,rmse_log  [Table T1 / all_metrics_v5.csv row call/results_vix_history_don_v5],0.5749402400745562,global,ROUNDED-OK,Call & VIX history & B & 0.998125 & 0.939874 & 0.574940 & 0.002985 \\
546,tab:t1,0.939874,0.939874,experiment output,train_model_v3/call/results_vix_history_don_v5/metrics.json,r2_log_filtered  [Table T1 / all_metrics_v5.csv row call/results_vix_history_don_v5],0.9398735672090671,global,ROUNDED-OK,Call & VIX history & B & 0.998125 & 0.939874 & 0.574940 & 0.002985 \\
546,tab:t1,0.998125,0.998125,experiment output,train_model_v3/call/results_vix_history_don_v5/metrics.json,r2_price  [Table T1 / all_metrics_v5.csv row call/results_vix_history_don_v5],0.9981254195370237,global,ROUNDED-OK,Call & VIX history & B & 0.998125 & 0.939874 & 0.574940 & 0.002985 \\
548,tab:t1,0.000823,0.000823,experiment output,train_model_v3/put/results_vol_surface_v5/metrics.json,mae_price  [Table T1 / all_metrics_v5.csv row put/results_vol_surface_v5],0.0008229161508829408,global,ROUNDED-OK,Put  & IV surface  & A & 0.992553 & \textbf{0.977898} & 0.294136 & 0.000823 \\
548,tab:t1,0.294136,0.294136,experiment output,train_model_v3/put/results_vol_surface_v5/metrics.json,rmse_log  [Table T1 / all_metrics_v5.csv row put/results_vol_surface_v5  [by-line review: put IV-surface architecture-A RMSE(log)]],0.29413612316348053,line,ROUNDED-OK,Put  & IV surface  & A & 0.992553 & \textbf{0.977898} & 0.294136 & 0.000823 \\
548,tab:t1,0.977898,0.977898,experiment output,train_model_v3/put/results_vol_surface_v5/metrics.json,r2_log_filtered  [Table T1 / all_metrics_v5.csv row put/results_vol_surface_v5  [by-line review: put IV-surface architecture-A R2(log)]],0.9778980973298367,line,ROUNDED-OK,Put  & IV surface  & A & 0.992553 & \textbf{0.977898} & 0.294136 & 0.000823 \\
548,tab:t1,0.992553,0.992553,experiment output,train_model_v3/put/results_vol_surface_v5/metrics.json,r2_price  [Table T1 / all_metrics_v5.csv row put/results_vol_surface_v5  [by-line review: put IV-surface architecture-A R2(price)]],0.9925532371315967,line,ROUNDED-OK,Put  & IV surface  & A & 0.992553 & \textbf{0.977898} & 0.294136 & 0.000823 \\
549,tab:t1,0.000659,0.000659,experiment output,train_model_v3/put/results_vol_surface_don_v5/metrics.json,mae_price  [Table T1 / all_metrics_v5.csv row put/results_vol_surface_don_v5],0.0006594783875624334,global,ROUNDED-OK,Put  & IV surface  & B & 0.993780 & 0.981298 & 0.270566 & 0.000659 \\
549,tab:t1,0.270566,0.270566,experiment output,train_model_v3/put/results_vol_surface_don_v5/metrics.json,rmse_log  [Table T1 / all_metrics_v5.csv row put/results_vol_surface_don_v5],0.27056614147830615,global,ROUNDED-OK,Put  & IV surface  & B & 0.993780 & 0.981298 & 0.270566 & 0.000659 \\
549,tab:t1,0.981298,0.981298,experiment output,train_model_v3/put/results_vol_surface_don_v5/metrics.json,r2_log_filtered  [Table T1 / all_metrics_v5.csv row put/results_vol_surface_don_v5  [by-line review: put IV-surface architecture-B R2(log)]],0.9812983540582504,line,ROUNDED-OK,Put  & IV surface  & B & 0.993780 & 0.981298 & 0.270566 & 0.000659 \\
549,tab:t1,0.993780,0.99378,experiment output,train_model_v3/put/results_vol_surface_don_v5/metrics.json,r2_price  [Table T1 / all_metrics_v5.csv row put/results_vol_surface_don_v5  [by-line review: put IV-surface architecture-B R2(price)]],0.9937798418402081,line,ROUNDED-OK,Put  & IV surface  & B & 0.993780 & 0.981298 & 0.270566 & 0.000659 \\
550,tab:t1,0.002484,0.002484,experiment output,train_model_v3/put/results_spot_history_v5/metrics.json,mae_price  [Table T1 / all_metrics_v5.csv row put/results_spot_history_v5],0.0024844139398648743,global,ROUNDED-OK,Put  & SPX history & A & 0.952078 & 0.909410 & 0.595489 & 0.002484 \\
550,tab:t1,0.595489,0.595489,experiment output,train_model_v3/put/results_spot_history_v5/metrics.json,rmse_log  [Table T1 / all_metrics_v5.csv row put/results_spot_history_v5],0.5954885154998816,global,ROUNDED-OK,Put  & SPX history & A & 0.952078 & 0.909410 & 0.595489 & 0.002484 \\
550,tab:t1,0.909410,0.90941,experiment output,train_model_v3/put/results_spot_history_v5/metrics.json,r2_log_filtered  [Table T1 / all_metrics_v5.csv row put/results_spot_history_v5],0.9094101137091193,global,ROUNDED-OK,Put  & SPX history & A & 0.952078 & 0.909410 & 0.595489 & 0.002484 \\
550,tab:t1,0.952078,0.952078,experiment output,train_model_v3/put/results_spot_history_v5/metrics.json,r2_price  [Table T1 / all_metrics_v5.csv row put/results_spot_history_v5],0.9520775628995344,global,ROUNDED-OK,Put  & SPX history & A & 0.952078 & 0.909410 & 0.595489 & 0.002484 \\
551,tab:t1,0.002847,0.002847,experiment output,train_model_v3/put/results_spot_history_don_v5/metrics.json,mae_price  [Table T1 / all_metrics_v5.csv row put/results_spot_history_don_v5],0.0028473957569844282,global,ROUNDED-OK,Put  & SPX history & B & 0.942330 & 0.901553 & 0.620777 & 0.002847 \\
551,tab:t1,0.620777,0.620777,experiment output,train_model_v3/put/results_spot_history_don_v5/metrics.json,rmse_log  [Table T1 / all_metrics_v5.csv row put/results_spot_history_don_v5],0.6207769979898434,global,ROUNDED-OK,Put  & SPX history & B & 0.942330 & 0.901553 & 0.620777 & 0.002847 \\
551,tab:t1,0.901553,0.901553,experiment output,train_model_v3/put/results_spot_history_don_v5/metrics.json,r2_log_filtered  [Table T1 / all_metrics_v5.csv row put/results_spot_history_don_v5],0.9015526190235676,global,ROUNDED-OK,Put  & SPX history & B & 0.942330 & 0.901553 & 0.620777 & 0.002847 \\
551,tab:t1,0.942330,0.94233,experiment output,train_model_v3/put/results_spot_history_don_v5/metrics.json,r2_price  [Table T1 / all_metrics_v5.csv row put/results_spot_history_don_v5],0.9423302021377294,global,ROUNDED-OK,Put  & SPX history & B & 0.942330 & 0.901553 & 0.620777 & 0.002847 \\
552,tab:t1,0.002429,0.002429,experiment output,train_model_v3/put/results_vix_history_v5/metrics.json,mae_price  [Table T1 / all_metrics_v5.csv row put/results_vix_history_v5],0.002429325382956674,global,ROUNDED-OK,Put  & VIX history & A & 0.962518 & 0.920722 & 0.557070 & 0.002429 \\
552,tab:t1,0.557070,0.55707,experiment output,train_model_v3/put/results_vix_history_v5/metrics.json,rmse_log  [Table T1 / all_metrics_v5.csv row put/results_vix_history_v5],0.5570700879366098,global,ROUNDED-OK,Put  & VIX history & A & 0.962518 & 0.920722 & 0.557070 & 0.002429 \\
552,tab:t1,0.920722,0.920722,experiment output,train_model_v3/put/results_vix_history_v5/metrics.json,r2_log_filtered  [Table T1 / all_metrics_v5.csv row put/results_vix_history_v5],0.9207220131746577,global,ROUNDED-OK,Put  & VIX history & A & 0.962518 & 0.920722 & 0.557070 & 0.002429 \\
552,tab:t1,0.962518,0.962518,experiment output,train_model_v3/put/results_vix_history_v5/metrics.json,r2_price  [Table T1 / all_metrics_v5.csv row put/results_vix_history_v5],0.962517722894798,global,ROUNDED-OK,Put  & VIX history & A & 0.962518 & 0.920722 & 0.557070 & 0.002429 \\
553,tab:t1,0.002477,0.002477,experiment output,train_model_v3/put/results_vix_history_don_v5/metrics.json,mae_price  [Table T1 / all_metrics_v5.csv row put/results_vix_history_don_v5],0.002476588891978263,global,ROUNDED-OK,Put  & VIX history & B & 0.961502 & 0.917777 & 0.567323 & 0.002477 \\
553,tab:t1,0.567323,0.567323,experiment output,train_model_v3/put/results_vix_history_don_v5/metrics.json,rmse_log  [Table T1 / all_metrics_v5.csv row put/results_vix_history_don_v5],0.5673234049425143,global,ROUNDED-OK,Put  & VIX history & B & 0.961502 & 0.917777 & 0.567323 & 0.002477 \\
553,tab:t1,0.917777,0.917777,experiment output,train_model_v3/put/results_vix_history_don_v5/metrics.json,r2_log_filtered  [Table T1 / all_metrics_v5.csv row put/results_vix_history_don_v5],0.9177768074047696,global,ROUNDED-OK,Put  & VIX history & B & 0.961502 & 0.917777 & 0.567323 & 0.002477 \\
553,tab:t1,0.961502,0.961502,experiment output,train_model_v3/put/results_vix_history_don_v5/metrics.json,r2_price  [Table T1 / all_metrics_v5.csv row put/results_vix_history_don_v5],0.9615021758477855,global,ROUNDED-OK,Put  & VIX history & B & 0.961502 & 0.917777 & 0.567323 & 0.002477 \\
560,Main results across market-state inputs and architectures,0.922,0.922,experiment output,train_model_v3/call/results_spot_history_v5/metrics.json,r2_log_filtered  [rounded restatement of the Table T1 call/results_spot_history_v5 r2_log_filtered  [by-line review: call SPX-history architecture-A R2(log)]],0.9220195818490409,line,ROUNDED-OK,the headline log metric. Calls score 0.990--0.991 (surface) against 0.922--0.944 (SPX history) and
560,Main results across market-state inputs and architectures,0.944,0.944,experiment output,train_model_v3/call/results_spot_history_don_v5/metrics.json,r2_log_filtered  [rounded restatement of the Table T1 call/results_spot_history_don_v5 r2_log_filtered],0.9443903992004695,global,ROUNDED-OK,the headline log metric. Calls score 0.990--0.991 (surface) against 0.922--0.944 (SPX history) and
560,Main results across market-state inputs and architectures,0.990,0.99,experiment output,train_model_v3/call/results_vol_surface_don_v5/metrics.json,"r2_log_filtered  [rounded restatement of the Table T1 call/results_vol_surface_don_v5 r2_log_filtered  [by-line review: call IV-surface architecture-B R2(log), to three decimals]]",0.9902904454431337,line,ROUNDED-OK,the headline log metric. Calls score 0.990--0.991 (surface) against 0.922--0.944 (SPX history) and
560,Main results across market-state inputs and architectures,0.991,0.991,experiment output,train_model_v3/call/results_vol_surface_v5/metrics.json,"r2_log_filtered  [rounded restatement of the Table T1 call/results_vol_surface_v5 r2_log_filtered  [by-line review: call IV-surface architecture-A R2(log), to three decimals]]",0.9910440400919907,line,ROUNDED-OK,the headline log metric. Calls score 0.990--0.991 (surface) against 0.922--0.944 (SPX history) and
561,Main results across market-state inputs and architectures,0.902,0.902,experiment output,train_model_v3/put/results_spot_history_don_v5/metrics.json,r2_log_filtered  [rounded restatement of the Table T1 put/results_spot_history_don_v5 r2_log_filtered],0.9015526190235676,global,ROUNDED-OK,0.921--0.940 (VIX history); puts score 0.978--0.981 (surface) against 0.902--0.909 (SPX history) and
561,Main results across market-state inputs and architectures,0.909,0.909,experiment output,train_model_v3/put/results_spot_history_v5/metrics.json,r2_log_filtered  [rounded restatement of the Table T1 put/results_spot_history_v5 r2_log_filtered],0.9094101137091193,global,ROUNDED-OK,0.921--0.940 (VIX history); puts score 0.978--0.981 (surface) against 0.902--0.909 (SPX history) and
561,Main results across market-state inputs and architectures,0.921,0.921,experiment output,train_model_v3/call/results_vix_history_v5/metrics.json,r2_log_filtered  [rounded restatement of the Table T1 call/results_vix_history_v5 r2_log_filtered  [by-line review: call VIX-history architecture-A R2(log)]],0.921332575112781,line,ROUNDED-OK,0.921--0.940 (VIX history); puts score 0.978--0.981 (surface) against 0.902--0.909 (SPX history) and
561,Main results across market-state inputs and architectures,0.940,0.94,experiment output,train_model_v3/call/results_vix_history_don_v5/metrics.json,r2_log_filtered  [rounded restatement of the Table T1 call/results_vix_history_don_v5 r2_log_filtered],0.9398735672090671,global,ROUNDED-OK,0.921--0.940 (VIX history); puts score 0.978--0.981 (surface) against 0.902--0.909 (SPX history) and
561,Main results across market-state inputs and architectures,0.978,0.978,experiment output,train_model_v3/put/results_vol_surface_v5/metrics.json,"r2_log_filtered  [rounded restatement of the Table T1 put/results_vol_surface_v5 r2_log_filtered  [by-line review: put IV-surface architecture-A R2(log), to three decimals]]",0.9778980973298367,line,ROUNDED-OK,0.921--0.940 (VIX history); puts score 0.978--0.981 (surface) against 0.902--0.909 (SPX history) and
561,Main results across market-state inputs and architectures,0.981,0.981,experiment output,train_model_v3/put/results_vol_surface_don_v5/metrics.json,"r2_log_filtered  [rounded restatement of the Table T1 put/results_vol_surface_don_v5 r2_log_filtered  [by-line review: put IV-surface architecture-B R2(log), to three decimals]]",0.9812983540582504,line,ROUNDED-OK,0.921--0.940 (VIX history); puts score 0.978--0.981 (surface) against 0.902--0.909 (SPX history) and
562,Main results across market-state inputs and architectures,0.918,0.918,experiment output,train_model_v3/put/results_vix_history_don_v5/metrics.json,r2_log_filtered  [rounded restatement of the Table T1 put/results_vix_history_don_v5 r2_log_filtered],0.9177768074047696,global,ROUNDED-OK,0.918--0.921 (VIX history). SPX-history and VIX-history inputs are close to each other on both option
562,Main results across market-state inputs and architectures,0.921,0.921,experiment output,train_model_v3/put/results_vix_history_v5/metrics.json,r2_log_filtered  [puts' VIX-history range 0.918--0.921 (architecture A); L543's 0.921 is the call cell],0.9207220131746577,line,ROUNDED-OK,0.918--0.921 (VIX history). SPX-history and VIX-history inputs are close to each other on both option
567,Main results across market-state inputs and architectures,21,21.0,dataset/config/provenance,train_model_v3/call/results_spot_history_v5/config.json,grid_h  [trailing trading days in the SPX/VIX history windows],21.0,global,EXACT,"same-day cross-sectional reconstruction setting; the historical branches, whose 21-day windows end on"
571,Main results across market-state inputs and architectures,"344{,}192",344192.0,derived statistic,train_model_v3/call/results_vol_surface_v5/config.json,"J('train_model_v3/call/results_vol_surface_v5/config.json','fno_width') * 21 * 4 * J('train_model_v3/call/results_vol_surface_v5/config.json','latent_dim') + J('train_model_v3/call/results_vol_surface_v5/config.json','latent_dim')  [flattening-projection parameter count for the VIX history, 21x4 grid branch: fno_width * grid_h * grid_w * latent_dim + latent_dim  [by-line review: VIX-history first-layer flattening-projection parameter count]]",344192.0,line,DERIVED,"not parameter-matched (766{,}080 / 430{,}208 / 344{,}192 parameters in the first, grid-dependent"
571,Main results across market-state inputs and architectures,"430{,}208",430208.0,derived statistic,train_model_v3/call/results_vol_surface_v5/config.json,"J('train_model_v3/call/results_vol_surface_v5/config.json','fno_width') * 21 * 5 * J('train_model_v3/call/results_vol_surface_v5/config.json','latent_dim') + J('train_model_v3/call/results_vol_surface_v5/config.json','latent_dim')  [flattening-projection parameter count for the SPX history, 21x5 grid branch: fno_width * grid_h * grid_w * latent_dim + latent_dim  [by-line review: SPX-history first-layer flattening-projection parameter count]]",430208.0,line,DERIVED,"not parameter-matched (766{,}080 / 430{,}208 / 344{,}192 parameters in the first, grid-dependent"
571,Main results across market-state inputs and architectures,"766{,}080",766080.0,derived statistic,train_model_v3/call/results_vol_surface_v5/config.json,"J('train_model_v3/call/results_vol_surface_v5/config.json','fno_width') * 11 * 17 * J('train_model_v3/call/results_vol_surface_v5/config.json','latent_dim') + J('train_model_v3/call/results_vol_surface_v5/config.json','latent_dim')  [flattening-projection parameter count for the surface, 11x17 grid branch: fno_width * grid_h * grid_w * latent_dim + latent_dim  [by-line review: IV-surface first-layer flattening-projection parameter count]]",766080.0,line,DERIVED,"not parameter-matched (766{,}080 / 430{,}208 / 344{,}192 parameters in the first, grid-dependent"
576,Main results across market-state inputs and architectures,21,21.0,dataset/config/provenance,train_model_v3/call/results_spot_history_v5/config.json,grid_h  [trailing trading days in the SPX/VIX history windows],21.0,global,EXACT,the 21-day path; the correct reading of the VIX result is that \emph{this close-normalized
580,Main results across market-state inputs and architectures,0.7642,0.7642,experiment output,results/baselines_v5.json,"records.option_type=call&baseline=surface_spline.metrics.all.r2_log_filtered  [baseline table, call surface_spline  [by-line review: call IV-surface-spline baseline R2(log)]]",0.7641812033041802,line,ROUNDED-OK,"baseline we evaluated, 0.7904 (price-space $R^2 = 0.999809$), above the 0.7642 of spline"
580,Main results across market-state inputs and architectures,0.7904,0.7904,experiment output,results/baselines_v5.json,"records.option_type=call&baseline=vix_level_scaled_pxfit.metrics.all.r2_log_filtered  [baseline table, call vix_level_scaled_pxfit]",0.7904245616752839,global,ROUNDED-OK,"baseline we evaluated, 0.7904 (price-space $R^2 = 0.999809$), above the 0.7642 of spline"
580,Main results across market-state inputs and architectures,0.999809,0.999809,experiment output,results/baselines_v5.json,"records.option_type=call&baseline=vix_level_scaled_pxfit.metrics.all.r2_price  [baseline table, call vix_level_scaled_pxfit]",0.9998091473999837,global,ROUNDED-OK,"baseline we evaluated, 0.7904 (price-space $R^2 = 0.999809$), above the 0.7642 of spline"
585,Main results across market-state inputs and architectures,42,42.0,dataset/config/provenance,train_model_v3/call/results_vol_surface_v5/config.json,seed  [canonical seed for all twelve core runs],42.0,global,EXACT,"cells, and there the seed-42 gap to the historical configurations is much larger than the surface"
586,Main results across market-state inputs and architectures,0.000073,7.3e-05,experiment output,results/replication_seeds_v5.csv,"option_type=call,arch=A:r2_log_filtered_std  [three-seed replication table (seeds 42/43/44), call arch A  [by-line review: call architecture-A across-seed std of R2(log)]]",7.262310760514898e-05,line,ROUNDED-OK,branch's own dispersion. Call architecture A's across-seed standard deviation is 0.000073 against a gap
587,Main results across market-state inputs and architectures,0.07,0.07,derived statistic,train_model_v3/*/metrics.json,"J('train_model_v3/call/results_vol_surface_v5/metrics.json','r2_log_filtered') - J('train_model_v3/call/results_spot_history_v5/metrics.json','r2_log_filtered')  [0.991 - 0.922, call architecture A, surface minus SPX history]",0.06902445824294978,global,DERIVED,"of $0.991 - 0.922 \approx 0.07$ over SPX-history architecture A, and the least favorable of the four"
587,Main results across market-state inputs and architectures,0.922,0.922,experiment output,train_model_v3/call/results_spot_history_v5/metrics.json,r2_log_filtered  [rounded restatement of the Table T1 call/results_spot_history_v5 r2_log_filtered  [by-line review: call SPX-history architecture-A R2(log)]],0.9220195818490409,line,ROUNDED-OK,"of $0.991 - 0.922 \approx 0.07$ over SPX-history architecture A, and the least favorable of the four"
587,Main results across market-state inputs and architectures,0.991,0.991,experiment output,train_model_v3/call/results_vol_surface_v5/metrics.json,"r2_log_filtered  [rounded restatement of the Table T1 call/results_vol_surface_v5 r2_log_filtered  [by-line review: call IV-surface architecture-A R2(log), to three decimals]]",0.9910440400919907,line,ROUNDED-OK,"of $0.991 - 0.922 \approx 0.07$ over SPX-history architecture A, and the least favorable of the four"
588,Main results across market-state inputs and architectures,40,40.0,derived statistic,results/replication_seeds_v5.csv + train_model_v3/*/metrics.json,"min((J('train_model_v3/put/results_vol_surface_v5/metrics.json','r2_log_filtered') - J('train_model_v3/put/results_vix_history_v5/metrics.json','r2_log_filtered')) / float(C('results/replication_seeds_v5.csv','option_type=put,arch=A','r2_log_filtered_std')), (J('train_model_v3/put/results_vol_surface_v5/metrics.json','r2_log_filtered') - J('train_model_v3/put/results_spot_history_v5/metrics.json','r2_log_filtered')) / float(C('results/replication_seeds_v5.csv','option_type=put,arch=A','r2_log_filtered_std')))  [least favourable of the four replicated cells: the put/A surface-vs-history gap in units of the put/A across-seed SD (40.14; the other seven cell/branch combinations give 48 to 960)]",40.14275851497789,global,DERIVED,replicated cells still leaves the gap roughly 40 times the corresponding standard deviation. This
594,Architecture comparison: MLP head (A) vs.\ DeepONet (B),42,42.0,dataset/config/provenance,train_model_v3/call/results_vol_surface_v5/config.json,seed  [canonical seed for all twelve core runs],42.0,global,EXACT,"Table~\ref{tab:replication} reports mean $\pm$ standard deviation across seeds 42, 43, and 44 for the"
594,Architecture comparison: MLP head (A) vs.\ DeepONet (B),43,43.0,dataset/config/provenance,train_model_v3/call/results_vol_surface_v5_seed43/config.json,seed  [replication seed],43.0,global,EXACT,"Table~\ref{tab:replication} reports mean $\pm$ standard deviation across seeds 42, 43, and 44 for the"
594,Architecture comparison: MLP head (A) vs.\ DeepONet (B),44,44.0,dataset/config/provenance,train_model_v3/call/results_vol_surface_v5_seed44/config.json,seed  [replication seed],44.0,global,EXACT,"Table~\ref{tab:replication} reports mean $\pm$ standard deviation across seeds 42, 43, and 44 for the"
600,tab:replication,42,42.0,dataset/config/provenance,train_model_v3/call/results_vol_surface_v5/config.json,seed  [canonical seed for all twelve core runs],42.0,global,EXACT,"\caption{Three-seed replication (seeds 42, 43, 44), IV-surface branch only.}"
600,tab:replication,43,43.0,dataset/config/provenance,train_model_v3/call/results_vol_surface_v5_seed43/config.json,seed  [replication seed],43.0,global,EXACT,"\caption{Three-seed replication (seeds 42, 43, 44), IV-surface branch only.}"
600,tab:replication,44,44.0,dataset/config/provenance,train_model_v3/call/results_vol_surface_v5_seed44/config.json,seed  [replication seed],44.0,global,EXACT,"\caption{Three-seed replication (seeds 42, 43, 44), IV-surface branch only.}"
606,tab:replication,0.000005,5e-06,experiment output,results/replication_seeds_v5.csv,"option_type=call,arch=A:r2_price_std  [three-seed replication table (seeds 42/43/44), call arch A]",4.865731475280004e-06,global,ROUNDED-OK,Call & A & $0.999972 \pm 0.000005$ & $0.990996 \pm 0.000073$ & $0.222493 \pm 0.000896$ \\
606,tab:replication,0.000073,7.3e-05,experiment output,results/replication_seeds_v5.csv,"option_type=call,arch=A:r2_log_filtered_std  [three-seed replication table (seeds 42/43/44), call arch A  [by-line review: call architecture-A across-seed std of R2(log)]]",7.262310760514898e-05,line,ROUNDED-OK,Call & A & $0.999972 \pm 0.000005$ & $0.990996 \pm 0.000073$ & $0.222493 \pm 0.000896$ \\
606,tab:replication,0.000896,0.000896,experiment output,results/replication_seeds_v5.csv,"option_type=call,arch=A:rmse_log_std  [three-seed replication table (seeds 42/43/44), call arch A]",0.0008962368479490222,global,ROUNDED-OK,Call & A & $0.999972 \pm 0.000005$ & $0.990996 \pm 0.000073$ & $0.222493 \pm 0.000896$ \\
606,tab:replication,0.222493,0.222493,experiment output,results/replication_seeds_v5.csv,"option_type=call,arch=A:rmse_log_mean  [three-seed replication table (seeds 42/43/44), call arch A]",0.22249339812470628,global,ROUNDED-OK,Call & A & $0.999972 \pm 0.000005$ & $0.990996 \pm 0.000073$ & $0.222493 \pm 0.000896$ \\
606,tab:replication,0.990996,0.990996,experiment output,results/replication_seeds_v5.csv,"option_type=call,arch=A:r2_log_filtered_mean  [three-seed replication table (seeds 42/43/44), call arch A  [by-line review: call architecture-A across-seed mean R2(log)]]",0.9909955128522142,line,ROUNDED-OK,Call & A & $0.999972 \pm 0.000005$ & $0.990996 \pm 0.000073$ & $0.222493 \pm 0.000896$ \\
606,tab:replication,0.999972,0.999972,experiment output,results/replication_seeds_v5.csv,"option_type=call,arch=A:r2_price_mean  [three-seed replication table (seeds 42/43/44), call arch A]",0.9999722514697812,global,ROUNDED-OK,Call & A & $0.999972 \pm 0.000005$ & $0.990996 \pm 0.000073$ & $0.222493 \pm 0.000896$ \\
607,tab:replication,0.000131,0.000131,experiment output,results/replication_seeds_v5.csv,"option_type=call,arch=B:r2_price_std  [three-seed replication table (seeds 42/43/44), call arch B]",0.00013064999542028232,global,ROUNDED-OK,Call & B & $0.999865 \pm 0.000131$ & $0.991075 \pm 0.000716$ & $0.221388 \pm 0.008838$ \\
607,tab:replication,0.000716,0.000716,experiment output,results/replication_seeds_v5.csv,"option_type=call,arch=B:r2_log_filtered_std  [three-seed replication table (seeds 42/43/44), call arch B  [by-line review: call architecture-B across-seed std of R2(log)]]",0.0007163367621317302,line,ROUNDED-OK,Call & B & $0.999865 \pm 0.000131$ & $0.991075 \pm 0.000716$ & $0.221388 \pm 0.008838$ \\
607,tab:replication,0.008838,0.008838,experiment output,results/replication_seeds_v5.csv,"option_type=call,arch=B:rmse_log_std  [three-seed replication table (seeds 42/43/44), call arch B]",0.008838153837592925,global,ROUNDED-OK,Call & B & $0.999865 \pm 0.000131$ & $0.991075 \pm 0.000716$ & $0.221388 \pm 0.008838$ \\
607,tab:replication,0.221388,0.221388,experiment output,results/replication_seeds_v5.csv,"option_type=call,arch=B:rmse_log_mean  [three-seed replication table (seeds 42/43/44), call arch B]",0.22138823166178187,global,ROUNDED-OK,Call & B & $0.999865 \pm 0.000131$ & $0.991075 \pm 0.000716$ & $0.221388 \pm 0.008838$ \\
607,tab:replication,0.991075,0.991075,experiment output,results/replication_seeds_v5.csv,"option_type=call,arch=B:r2_log_filtered_mean  [three-seed replication table (seeds 42/43/44), call arch B  [by-line review: call architecture-B across-seed mean R2(log)]]",0.9910753688558561,line,ROUNDED-OK,Call & B & $0.999865 \pm 0.000131$ & $0.991075 \pm 0.000716$ & $0.221388 \pm 0.008838$ \\
607,tab:replication,0.999865,0.999865,experiment output,results/replication_seeds_v5.csv,"option_type=call,arch=B:r2_price_mean  [three-seed replication table (seeds 42/43/44), call arch B]",0.999864986757559,global,ROUNDED-OK,Call & B & $0.999865 \pm 0.000131$ & $0.991075 \pm 0.000716$ & $0.221388 \pm 0.008838$ \\
608,tab:replication,0.001424,0.001424,experiment output,results/replication_seeds_v5.csv,"option_type=put,arch=A:r2_log_filtered_std  [three-seed replication table (seeds 42/43/44), put arch A]",0.0014243187630926172,global,ROUNDED-OK,Put  & A & $0.994660 \pm 0.001898$ & $0.979099 \pm 0.001424$ & $0.285924 \pm 0.009813$ \\
608,tab:replication,0.001898,0.001898,experiment output,results/replication_seeds_v5.csv,"option_type=put,arch=A:r2_price_std  [three-seed replication table (seeds 42/43/44), put arch A]",0.0018975994772201406,global,ROUNDED-OK,Put  & A & $0.994660 \pm 0.001898$ & $0.979099 \pm 0.001424$ & $0.285924 \pm 0.009813$ \\
608,tab:replication,0.009813,0.009813,experiment output,results/replication_seeds_v5.csv,"option_type=put,arch=A:rmse_log_std  [three-seed replication table (seeds 42/43/44), put arch A]",0.00981280985551771,global,ROUNDED-OK,Put  & A & $0.994660 \pm 0.001898$ & $0.979099 \pm 0.001424$ & $0.285924 \pm 0.009813$ \\
608,tab:replication,0.285924,0.285924,experiment output,results/replication_seeds_v5.csv,"option_type=put,arch=A:rmse_log_mean  [three-seed replication table (seeds 42/43/44), put arch A]",0.28592424160750046,global,ROUNDED-OK,Put  & A & $0.994660 \pm 0.001898$ & $0.979099 \pm 0.001424$ & $0.285924 \pm 0.009813$ \\
608,tab:replication,0.979099,0.979099,experiment output,results/replication_seeds_v5.csv,"option_type=put,arch=A:r2_log_filtered_mean  [three-seed replication table (seeds 42/43/44), put arch A  [by-line review: put architecture-A across-seed mean R2(log)]]",0.9790985808506814,line,ROUNDED-OK,Put  & A & $0.994660 \pm 0.001898$ & $0.979099 \pm 0.001424$ & $0.285924 \pm 0.009813$ \\
608,tab:replication,0.994660,0.99466,experiment output,results/replication_seeds_v5.csv,"option_type=put,arch=A:r2_price_mean  [three-seed replication table (seeds 42/43/44), put arch A]",0.9946600295644292,global,ROUNDED-OK,Put  & A & $0.994660 \pm 0.001898$ & $0.979099 \pm 0.001424$ & $0.285924 \pm 0.009813$ \\
609,tab:replication,0.000611,0.000611,experiment output,results/replication_seeds_v5.csv,"option_type=put,arch=B:r2_log_filtered_std  [three-seed replication table (seeds 42/43/44), put arch B]",0.0006107558762047255,global,ROUNDED-OK,Put  & B & $0.995392 \pm 0.001403$ & $0.981738 \pm 0.000611$ & $0.267345 \pm 0.004491$ \\
609,tab:replication,0.001403,0.001403,experiment output,results/replication_seeds_v5.csv,"option_type=put,arch=B:r2_price_std  [three-seed replication table (seeds 42/43/44), put arch B]",0.0014031303419600647,global,ROUNDED-OK,Put  & B & $0.995392 \pm 0.001403$ & $0.981738 \pm 0.000611$ & $0.267345 \pm 0.004491$ \\
609,tab:replication,0.004491,0.004491,experiment output,results/replication_seeds_v5.csv,"option_type=put,arch=B:rmse_log_std  [three-seed replication table (seeds 42/43/44), put arch B]",0.004490981495692194,global,ROUNDED-OK,Put  & B & $0.995392 \pm 0.001403$ & $0.981738 \pm 0.000611$ & $0.267345 \pm 0.004491$ \\
609,tab:replication,0.267345,0.267345,experiment output,results/replication_seeds_v5.csv,"option_type=put,arch=B:rmse_log_mean  [three-seed replication table (seeds 42/43/44), put arch B]",0.2673452242084065,global,ROUNDED-OK,Put  & B & $0.995392 \pm 0.001403$ & $0.981738 \pm 0.000611$ & $0.267345 \pm 0.004491$ \\
609,tab:replication,0.981738,0.981738,experiment output,results/replication_seeds_v5.csv,"option_type=put,arch=B:r2_log_filtered_mean  [three-seed replication table (seeds 42/43/44), put arch B  [by-line review: put architecture-B across-seed mean R2(log)]]",0.9817375311197438,line,ROUNDED-OK,Put  & B & $0.995392 \pm 0.001403$ & $0.981738 \pm 0.000611$ & $0.267345 \pm 0.004491$ \\
609,tab:replication,0.995392,0.995392,experiment output,results/replication_seeds_v5.csv,"option_type=put,arch=B:r2_price_mean  [three-seed replication table (seeds 42/43/44), put arch B]",0.9953916566409164,global,ROUNDED-OK,Put  & B & $0.995392 \pm 0.001403$ & $0.981738 \pm 0.000611$ & $0.267345 \pm 0.004491$ \\
614,Architecture comparison: MLP head (A) vs.\ DeepONet (B),0.990996,0.990996,experiment output,results/replication_seeds_v5.csv,"option_type=call,arch=A:r2_log_filtered_mean  [three-seed replication table (seeds 42/43/44), call arch A  [by-line review: call architecture-A across-seed mean R2(log)]]",0.9909955128522142,line,ROUNDED-OK,"On calls, architectures A and B are effectively tied (0.990996 vs.\ 0.991075). The mean difference"
614,Architecture comparison: MLP head (A) vs.\ DeepONet (B),0.991075,0.991075,experiment output,results/replication_seeds_v5.csv,"option_type=call,arch=B:r2_log_filtered_mean  [three-seed replication table (seeds 42/43/44), call arch B  [by-line review: call architecture-B across-seed mean R2(log)]]",0.9910753688558561,line,ROUNDED-OK,"On calls, architectures A and B are effectively tied (0.990996 vs.\ 0.991075). The mean difference"
616,Architecture comparison: MLP head (A) vs.\ DeepONet (B),0.000073,7.3e-05,experiment output,results/replication_seeds_v5.csv,"option_type=call,arch=A:r2_log_filtered_std  [three-seed replication table (seeds 42/43/44), call arch A  [by-line review: call architecture-A across-seed std of R2(log)]]",7.262310760514898e-05,line,ROUNDED-OK,"B's: 0.000080 against 0.000073 for A and 0.000716 for B. On puts, architecture B's mean is somewhat"
616,Architecture comparison: MLP head (A) vs.\ DeepONet (B),0.000080,8e-05,derived statistic,results/replication_seeds_v5.csv,"abs(float(C('results/replication_seeds_v5.csv','option_type=call,arch=B','r2_log_filtered_mean')) - float(C('results/replication_seeds_v5.csv','option_type=call,arch=A','r2_log_filtered_mean')))  [A-vs-B mean difference on calls]",7.985600364190937e-05,global,DERIVED,"B's: 0.000080 against 0.000073 for A and 0.000716 for B. On puts, architecture B's mean is somewhat"
616,Architecture comparison: MLP head (A) vs.\ DeepONet (B),0.000716,0.000716,experiment output,results/replication_seeds_v5.csv,"option_type=call,arch=B:r2_log_filtered_std  [three-seed replication table (seeds 42/43/44), call arch B  [by-line review: call architecture-B across-seed std of R2(log)]]",0.0007163367621317302,line,ROUNDED-OK,"B's: 0.000080 against 0.000073 for A and 0.000716 for B. On puts, architecture B's mean is somewhat"
617,Architecture comparison: MLP head (A) vs.\ DeepONet (B),0.979099,0.979099,experiment output,results/replication_seeds_v5.csv,"option_type=put,arch=A:r2_log_filtered_mean  [three-seed replication table (seeds 42/43/44), put arch A  [by-line review: put architecture-A across-seed mean R2(log)]]",0.9790985808506814,line,ROUNDED-OK,"higher than architecture A's (0.981738 vs.\ 0.979099), but this reading rests on only three seeds and"
617,Architecture comparison: MLP head (A) vs.\ DeepONet (B),0.981738,0.981738,experiment output,results/replication_seeds_v5.csv,"option_type=put,arch=B:r2_log_filtered_mean  [three-seed replication table (seeds 42/43/44), put arch B  [by-line review: put architecture-B across-seed mean R2(log)]]",0.9817375311197438,line,ROUNDED-OK,"higher than architecture A's (0.981738 vs.\ 0.979099), but this reading rests on only three seeds and"
637,tab:ablation,42,42.0,dataset/config/provenance,train_model_v3/call/results_vol_surface_v5/config.json,seed  [canonical seed for all twelve core runs],42.0,global,EXACT,"\caption{Per-query vs.\ scalar-$\hat\sigma$ ablation, IV-surface branch, architecture A, seed 42. The"
639,tab:ablation,0.221896,0.221896,experiment output,results/ablation_scalar_sigma_v5.json,"rows.option_type=call&model_variant=per_query.rmse_log  [scalar-sigma ablation table, call/per_query (analysis/eval_ablation.py, CPU, EVAL_BATCH_SIZE 4096)]",0.22189550632769936,global,ROUNDED-OK,"canonical Table~\ref{tab:t1} values; the separate ablation evaluator returns 0.221896, 0.977899, and"
639,tab:ablation,0.977899,0.977899,experiment output,results/ablation_scalar_sigma_v5.json,"rows.option_type=put&model_variant=per_query.r2_log_filtered  [scalar-sigma ablation table, put/per_query (analysis/eval_ablation.py, CPU, EVAL_BATCH_SIZE 4096)]",0.9778994701678049,global,ROUNDED-OK,"canonical Table~\ref{tab:t1} values; the separate ablation evaluator returns 0.221896, 0.977899, and"
640,tab:ablation,0.294127,0.294127,experiment output,results/ablation_scalar_sigma_v5.json,"rows.option_type=put&model_variant=per_query.rmse_log  [scalar-sigma ablation table, put/per_query (analysis/eval_ablation.py, CPU, EVAL_BATCH_SIZE 4096)]",0.29412698803348,global,ROUNDED-OK,0.294127 for the three cells where the two scripts differ. The scalar-control rows come from the
641,tab:ablation,4096,4096.0,dataset/config/provenance,results/ablation_evaluator_consistency_v5.json,"results.option_type=call&model_variant=scalar_sigma.paths.cpu_bs4096.batch_size  [canonical CPU ablation evaluator batch size (analysis/eval_ablation.py EVAL_BATCH), recorded per path in the evaluator-consistency artifact]",4096.0,global,EXACT,independent CPU ablation evaluator in float32 at batch size 4096 over the full test split. As a
649,tab:ablation,0.221894,0.221894,experiment output,train_model_v3/call/results_vol_surface_v5/metrics.json,rmse_log  [Table T1 / all_metrics_v5.csv row call/results_vol_surface_v5  [by-line review: call IV-surface architecture-A RMSE(log)]],0.22189425443277289,line,ROUNDED-OK,Call & per-query & 0.999977 & 0.991044 & 0.221894 \\
649,tab:ablation,0.991044,0.991044,experiment output,train_model_v3/call/results_vol_surface_v5/metrics.json,r2_log_filtered  [Table T1 / all_metrics_v5.csv row call/results_vol_surface_v5  [by-line review: call IV-surface architecture-A R2(log)]],0.9910440400919907,line,ROUNDED-OK,Call & per-query & 0.999977 & 0.991044 & 0.221894 \\
649,tab:ablation,0.999977,0.999977,experiment output,train_model_v3/call/results_vol_surface_v5/metrics.json,r2_price  [Table T1 / all_metrics_v5.csv row call/results_vol_surface_v5  [by-line review: call IV-surface architecture-A R2(price)]],0.9999769213678237,line,ROUNDED-OK,Call & per-query & 0.999977 & 0.991044 & 0.221894 \\
650,tab:ablation,0.800103,0.800103,experiment output,results/ablation_scalar_sigma_v5.json,"rows.option_type=call&model_variant=scalar_sigma.r2_log_filtered  [scalar-sigma ablation table, call/scalar_sigma (analysis/eval_ablation.py, CPU, EVAL_BATCH_SIZE 4096)]",0.8001026403145495,global,ROUNDED-OK,Call & scalar (market state only) & 0.999825 & 0.800103 & 1.048319 \\
650,tab:ablation,0.999825,0.999825,experiment output,results/ablation_scalar_sigma_v5.json,"rows.option_type=call&model_variant=scalar_sigma.r2_price  [scalar-sigma ablation table, call/scalar_sigma (analysis/eval_ablation.py, CPU, EVAL_BATCH_SIZE 4096)]",0.9998254090272592,global,ROUNDED-OK,Call & scalar (market state only) & 0.999825 & 0.800103 & 1.048319 \\
650,tab:ablation,1.048319,1.048319,experiment output,results/ablation_scalar_sigma_v5.json,"rows.option_type=call&model_variant=scalar_sigma.rmse_log  [scalar-sigma ablation table, call/scalar_sigma (analysis/eval_ablation.py, CPU, EVAL_BATCH_SIZE 4096)]",1.048319141169794,global,ROUNDED-OK,Call & scalar (market state only) & 0.999825 & 0.800103 & 1.048319 \\
651,tab:ablation,0.294136,0.294136,experiment output,train_model_v3/put/results_vol_surface_v5/metrics.json,rmse_log  [Table T1 / all_metrics_v5.csv row put/results_vol_surface_v5  [by-line review: put IV-surface architecture-A RMSE(log)]],0.29413612316348053,line,ROUNDED-OK,Put  & per-query & 0.992553 & 0.977898 & 0.294136 \\
651,tab:ablation,0.977898,0.977898,experiment output,train_model_v3/put/results_vol_surface_v5/metrics.json,r2_log_filtered  [Table T1 / all_metrics_v5.csv row put/results_vol_surface_v5  [by-line review: put IV-surface architecture-A R2(log)]],0.9778980973298367,line,ROUNDED-OK,Put  & per-query & 0.992553 & 0.977898 & 0.294136 \\
651,tab:ablation,0.992553,0.992553,experiment output,train_model_v3/put/results_vol_surface_v5/metrics.json,r2_price  [Table T1 / all_metrics_v5.csv row put/results_vol_surface_v5  [by-line review: put IV-surface architecture-A R2(price)]],0.9925532371315967,line,ROUNDED-OK,Put  & per-query & 0.992553 & 0.977898 & 0.294136 \\
652,tab:ablation,-0.316871,-0.316871,experiment output,results/ablation_scalar_sigma_v5.json,"rows.option_type=put&model_variant=scalar_sigma.r2_log_filtered  [scalar-sigma ablation table, put/scalar_sigma (analysis/eval_ablation.py, CPU, EVAL_BATCH_SIZE 4096)]",-0.3168712644166485,global,ROUNDED-OK,Put  & scalar (market state only) & $-3.090190$ & $-0.316871$ & 2.270415 \\
652,tab:ablation,-3.090190,-3.09019,experiment output,results/ablation_scalar_sigma_v5.json,"rows.option_type=put&model_variant=scalar_sigma.r2_price  [scalar-sigma ablation table, put/scalar_sigma (analysis/eval_ablation.py, CPU, EVAL_BATCH_SIZE 4096)]",-3.0901904313264055,global,ROUNDED-OK,Put  & scalar (market state only) & $-3.090190$ & $-0.316871$ & 2.270415 \\
652,tab:ablation,2.270415,2.270415,experiment output,results/ablation_scalar_sigma_v5.json,"rows.option_type=put&model_variant=scalar_sigma.rmse_log  [scalar-sigma ablation table, put/scalar_sigma (analysis/eval_ablation.py, CPU, EVAL_BATCH_SIZE 4096)]",2.270414717728484,global,ROUNDED-OK,Put  & scalar (market state only) & $-3.090190$ & $-0.316871$ & 2.270415 \\
657,Ablation: per-query volatility conditioning,0.800,0.8,experiment output,results/ablation_scalar_sigma_v5.json,rows.option_type=call&model_variant=scalar_sigma.r2_log_filtered  [rounded restatement of the scalar-sigma ablation call r2_log_filtered],0.8001026403145495,global,ROUNDED-OK,Removing per-contract conditioning drops call $R^2(\log)$ from 0.991 to 0.800 and put $R^2(\log)$ from
657,Ablation: per-query volatility conditioning,0.991,0.991,experiment output,train_model_v3/call/results_vol_surface_v5/metrics.json,"r2_log_filtered  [rounded restatement of the Table T1 call/results_vol_surface_v5 r2_log_filtered  [by-line review: call IV-surface architecture-A R2(log), to three decimals]]",0.9910440400919907,line,ROUNDED-OK,Removing per-contract conditioning drops call $R^2(\log)$ from 0.991 to 0.800 and put $R^2(\log)$ from
658,Ablation: per-query volatility conditioning,-0.32,-0.32,experiment output,results/ablation_scalar_sigma_v5.json,"rows.option_type=put&model_variant=scalar_sigma.r2_log_filtered  [put scalar-sigma R2(log), canonical CPU evaluator (-0.316871), quoted to two decimals in the abstract, Section results-ablation and the Conclusion because results/ablation_evaluator_consistency_v5.json shows the scalar-sigma log metric is only ~1e-2 reproducible across device paths and decoder precisions (Appendix numstab); Table tab:ablation keeps the six-decimal value  [by-line review: put scalar-sigma control R2(log), quoted to two decimals]]",-0.3168712644166485,line,ROUNDED-OK,0.978 to about $-0.32$; the scalar-$\hat\sigma$ log-space figures are quoted to two decimals because
658,Ablation: per-query volatility conditioning,0.978,0.978,experiment output,train_model_v3/put/results_vol_surface_v5/metrics.json,"r2_log_filtered  [rounded restatement of the Table T1 put/results_vol_surface_v5 r2_log_filtered  [by-line review: put IV-surface architecture-A R2(log), to three decimals]]",0.9778980973298367,line,ROUNDED-OK,0.978 to about $-0.32$; the scalar-$\hat\sigma$ log-space figures are quoted to two decimals because
661,Ablation: per-query volatility conditioning,-3.090,-3.09,experiment output,results/ablation_scalar_sigma_v5.json,rows.option_type=put&model_variant=scalar_sigma.r2_price  [rounded restatement of the scalar-sigma ablation put r2_price  [by-line review: put scalar-sigma control R2(price)]],-3.0901904313264055,line,ROUNDED-OK,"0.993 to $-3.090$, worse than always predicting the mean price. Both rows are single-seed (seed 42,"
661,Ablation: per-query volatility conditioning,0.993,0.993,experiment output,train_model_v3/put/results_vol_surface_v5/metrics.json,"r2_price  [rounded restatement of the Table T1 put/results_vol_surface_v5 r2_price  [by-line review: put IV-surface architecture-A R2(price), to three decimals]]",0.9925532371315967,line,ROUNDED-OK,"0.993 to $-3.090$, worse than always predicting the mean price. Both rows are single-seed (seed 42,"
661,Ablation: per-query volatility conditioning,42,42.0,dataset/config/provenance,train_model_v3/call/results_vol_surface_v5/config.json,seed  [canonical seed for all twelve core runs],42.0,global,EXACT,"0.993 to $-3.090$, worse than always predicting the mean price. Both rows are single-seed (seed 42,"
662,Ablation: per-query volatility conditioning,-3.090,-3.09,experiment output,results/ablation_scalar_sigma_v5.json,rows.option_type=put&model_variant=scalar_sigma.r2_price  [rounded restatement of the scalar-sigma ablation put r2_price  [by-line review: put scalar-sigma control R2(price)]],-3.0901904313264055,line,ROUNDED-OK,"Section~\ref{sec:ablation-method}), so the exact figure $-3.090$ describes this one run and should not"
686,fig:f2,30,30.0,dataset/config/provenance,train_model_v3/call/results_vol_surface_v5/config.json,"float(J('train_model_v3/call/results_vol_surface_v5/config.json','data_provenance.phase1.phase1_am_settle_time_et').split(':')[1])  [the 30 of 09:30 ET; the same literal is also a Figure F2 maturity-bucket edge (7--30d, 30--90d)]",30.0,global,DERIVED,"\caption{\textbf{Smile recovery on three test dates $\times$ three maturity buckets} (short 7--30d,"
686,fig:f2,7,7.0,theoretical constant,,Figure F2 maturity-bucket edge (short 7--30 days)  [Figure F2 maturity-bucket edge (short 7--30 days)],7.0,global,EXACT,"\caption{\textbf{Smile recovery on three test dates $\times$ three maturity buckets} (short 7--30d,"
687,fig:f2,30,30.0,dataset/config/provenance,train_model_v3/call/results_vol_surface_v5/config.json,"float(J('train_model_v3/call/results_vol_surface_v5/config.json','data_provenance.phase1.phase1_am_settle_time_et').split(':')[1])  [the 30 of 09:30 ET; the same literal is also a Figure F2 maturity-bucket edge (7--30d, 30--90d)]",30.0,global,DERIVED,"medium 30--90d, long 90--365d): market implied volatility, the per-query"
687,fig:f2,365,365.0,dataset/config/provenance,train_model_v3/call/results_vol_surface_v5/config.json,data_provenance.phase1.phase1_day_count  [day-count convention (365) used for T_years; also a Figure F2 bucket edge],365.0,global,EXACT,"medium 30--90d, long 90--365d): market implied volatility, the per-query"
687,fig:f2,90,90.0,dataset/config/provenance,results/spline_boundary_decomposition_v5.json,"results.option_type=call.grid.abs_delta_bounds.1  [upper |delta| bound of the OptionMetrics standardized surface grid, as read off the grid itself; the same literal is also a Figure F2 maturity-bucket edge (90 days)]",90.0,global,EXACT,"medium 30--90d, long 90--365d): market implied volatility, the per-query"
687,fig:f2,90,90.0,dataset/config/provenance,results/spline_boundary_decomposition_v5.json,"results.option_type=call.grid.abs_delta_bounds.1  [upper |delta| bound of the OptionMetrics standardized surface grid, as read off the grid itself; the same literal is also a Figure F2 maturity-bucket edge (90 days)]",90.0,global,EXACT,"medium 30--90d, long 90--365d): market implied volatility, the per-query"
699,Error stratification by moneyness and maturity,0,0.0,theoretical constant,,"the T -> 0 limit of the decoder and the max(., 0) floor of the static no-arbitrage bounds; definitional, not measured  [the T -> 0 limit of the decoder and the max(., 0) floor of the static no-arbitrage bounds; definitional, not measured]",0.0,global,EXACT,"ill-conditioning of the inverse map $\log(\text{price}) \to \sigma$ as $T \to 0$, since the sensitivity"
701,Error stratification by moneyness and maturity,1,1.0,theoretical constant,,"the 1x1-convolution skip connections, the 1-D native form of the history tensors, and the T <= 1 day maturity cut; definitional or config (see 24 hours)  [the 1x1-convolution skip connections, the 1-D native form of the history tensors, and the T <= 1 day maturity cut; definitional or config (see 24 hours)]",1.0,global,EXACT,degenerate or unfittable region of the input: this dataset contains no contracts with $T \leq 1$ day by
718,fig:f3,5,5.0,dataset/config/provenance,train_model_v3/call/results_vol_surface_v5/config.json,patience_adam  [early-stopping patience in each phase; the same literal is also the SPX-history grid width (21x5) and Figure F3's 5x9 grid],5.0,global,EXACT,"\caption{\textbf{RMSE($\log V/K$) over a $5 \times 9$ maturity $\times$ log-moneyness grid}, full test"
718,fig:f3,9,9.0,dataset/config/provenance,train_model_v3/call/results_vol_surface_v5/config.json,"float(J('train_model_v3/call/results_vol_surface_v5/config.json','data_provenance.phase1.phase1_am_settle_time_et').split(':')[0])  [the 9 of the 09:30 ET AM settlement print; the same literal is also Figure F3's 5x9 log-moneyness grid]",9.0,global,DERIVED,"\caption{\textbf{RMSE($\log V/K$) over a $5 \times 9$ maturity $\times$ log-moneyness grid}, full test"
734,tab:baselines-call,0.0014,0.0014,derived statistic,results/baselines_v5.json,"max(J('results/baselines_v5.json','records.option_type=call&baseline=intrinsic_zero_vol.metrics.all.r2_price'),J('results/baselines_v5.json','records.option_type=call&baseline=const_sigma.metrics.all.r2_price'),J('results/baselines_v5.json','records.option_type=call&baseline=const_sigma_pxfit.metrics.all.r2_price'),J('results/baselines_v5.json','records.option_type=call&baseline=surface_spline.metrics.all.r2_price'),J('train_model_v3/call/results_vol_surface_v5/metrics.json','r2_price')) - min(J('results/baselines_v5.json','records.option_type=call&baseline=intrinsic_zero_vol.metrics.all.r2_price'),J('results/baselines_v5.json','records.option_type=call&baseline=const_sigma.metrics.all.r2_price'),J('results/baselines_v5.json','records.option_type=call&baseline=const_sigma_pxfit.metrics.all.r2_price'),J('results/baselines_v5.json','records.option_type=call&baseline=surface_spline.metrics.all.r2_price'),J('train_model_v3/call/results_vol_surface_v5/metrics.json','r2_price'))  [spread of the five call price-R2 values in tab:baselines-call  [by-line review: spread of the five call baseline R2(price) values]]",0.0013961064474681262,line,DERIVED,"0.0014 range, so this metric alone does not discriminate pricers on this dataset. The log-space column"
743,tab:baselines-call,-16.806016,-16.806016,experiment output,results/baselines_v5.json,"records.option_type=call&baseline=intrinsic_zero_vol.metrics.all.r2_log_filtered  [baseline table, call intrinsic_zero_vol]",-16.806016234362392,global,ROUNDED-OK,Zero-volatility limit (discounted forward intrinsic) & 0.998586 & $-16.806016$ \\
743,tab:baselines-call,0.998586,0.998586,experiment output,results/baselines_v5.json,"records.option_type=call&baseline=intrinsic_zero_vol.metrics.all.r2_price  [baseline table, call intrinsic_zero_vol]",0.9985863019037233,global,ROUNDED-OK,Zero-volatility limit (discounted forward intrinsic) & 0.998586 & $-16.806016$ \\
744,tab:baselines-call,0.1933,0.1933,experiment output,results/baselines_v5.json,records.option_type=call&baseline=const_sigma.params.sigma  [constant sigma fitted on the training split],0.19325470201799802,global,ROUNDED-OK,"Constant $\hat\sigma$, log-MSE fit ($\sigma{=}0.1933$) & 0.999706 & 0.620788 \\"
744,tab:baselines-call,0.620788,0.620788,experiment output,results/baselines_v5.json,"records.option_type=call&baseline=const_sigma.metrics.all.r2_log_filtered  [baseline table, call const_sigma]",0.620788188389169,global,ROUNDED-OK,"Constant $\hat\sigma$, log-MSE fit ($\sigma{=}0.1933$) & 0.999706 & 0.620788 \\"
744,tab:baselines-call,0.999706,0.999706,experiment output,results/baselines_v5.json,"records.option_type=call&baseline=const_sigma.metrics.all.r2_price  [baseline table, call const_sigma]",0.9997061687657868,global,ROUNDED-OK,"Constant $\hat\sigma$, log-MSE fit ($\sigma{=}0.1933$) & 0.999706 & 0.620788 \\"
745,tab:baselines-call,0.1761,0.1761,experiment output,results/baselines_v5.json,records.option_type=call&baseline=const_sigma_pxfit.params.sigma  [constant sigma fitted on the training split],0.17612462702439763,global,ROUNDED-OK,"Constant $\hat\sigma$, price-MSE fit ($\sigma{=}0.1761$) & 0.999800 & 0.640351 \\"
745,tab:baselines-call,0.640351,0.640351,experiment output,results/baselines_v5.json,"records.option_type=call&baseline=const_sigma_pxfit.metrics.all.r2_log_filtered  [baseline table, call const_sigma_pxfit]",0.6403506416081941,global,ROUNDED-OK,"Constant $\hat\sigma$, price-MSE fit ($\sigma{=}0.1761$) & 0.999800 & 0.640351 \\"
745,tab:baselines-call,0.999800,0.9998,experiment output,results/baselines_v5.json,"records.option_type=call&baseline=const_sigma_pxfit.metrics.all.r2_price  [baseline table, call const_sigma_pxfit]",0.9997995931028028,global,ROUNDED-OK,"Constant $\hat\sigma$, price-MSE fit ($\sigma{=}0.1761$) & 0.999800 & 0.640351 \\"
746,tab:baselines-call,0.764181,0.764181,experiment output,results/baselines_v5.json,"records.option_type=call&baseline=surface_spline.metrics.all.r2_log_filtered  [baseline table, call surface_spline]",0.7641812033041802,global,ROUNDED-OK,IV-surface spline interpolation & 0.999982 & 0.764181 \\
746,tab:baselines-call,0.999982,0.999982,experiment output,results/baselines_v5.json,"records.option_type=call&baseline=surface_spline.metrics.all.r2_price  [baseline table, call surface_spline]",0.9999824083511915,global,ROUNDED-OK,IV-surface spline interpolation & 0.999982 & 0.764181 \\
747,tab:baselines-call,0.991044,0.991044,experiment output,train_model_v3/call/results_vol_surface_v5/metrics.json,r2_log_filtered  [Table T1 / all_metrics_v5.csv row call/results_vol_surface_v5  [by-line review: call IV-surface architecture-A R2(log)]],0.9910440400919907,line,ROUNDED-OK,"Best neural model (IV surface, A) & 0.999977 & \textbf{0.991044} \\"
747,tab:baselines-call,0.999977,0.999977,experiment output,train_model_v3/call/results_vol_surface_v5/metrics.json,r2_price  [Table T1 / all_metrics_v5.csv row call/results_vol_surface_v5  [by-line review: call IV-surface architecture-A R2(price)]],0.9999769213678237,line,ROUNDED-OK,"Best neural model (IV surface, A) & 0.999977 & \textbf{0.991044} \\"
765,tab:baselines-put,-34.203142,-34.203142,experiment output,results/baselines_v5.json,"records.option_type=put&baseline=intrinsic_zero_vol.metrics.all.r2_log_filtered  [baseline table, put intrinsic_zero_vol]",-34.2031419681709,global,ROUNDED-OK,Zero-volatility limit (discounted forward intrinsic) & 0.535219 & $-34.203142$ \\
765,tab:baselines-put,0.535219,0.535219,experiment output,results/baselines_v5.json,"records.option_type=put&baseline=intrinsic_zero_vol.metrics.all.r2_price  [baseline table, put intrinsic_zero_vol  [by-line review: put zero-volatility-limit baseline R2(price)]]",0.5352188288852213,line,ROUNDED-OK,Zero-volatility limit (discounted forward intrinsic) & 0.535219 & $-34.203142$ \\
766,tab:baselines-put,-0.388064,-0.388064,experiment output,results/baselines_v5.json,"records.option_type=put&baseline=const_sigma.metrics.all.r2_log_filtered  [baseline table, put const_sigma]",-0.38806354752985595,global,ROUNDED-OK,"Constant $\hat\sigma$, log-MSE fit ($\sigma{=}0.4758$) & $-2.358206$ & $-0.388064$ \\"
766,tab:baselines-put,-2.358206,-2.358206,experiment output,results/baselines_v5.json,"records.option_type=put&baseline=const_sigma.metrics.all.r2_price  [baseline table, put const_sigma  [by-line review: put constant-sigma (log-MSE fit) baseline R2(price)]]",-2.3582060837437377,line,ROUNDED-OK,"Constant $\hat\sigma$, log-MSE fit ($\sigma{=}0.4758$) & $-2.358206$ & $-0.388064$ \\"
766,tab:baselines-put,0.4758,0.4758,experiment output,results/baselines_v5.json,records.option_type=put&baseline=const_sigma.params.sigma  [constant sigma fitted on the training split  [by-line review: sigma of the put constant-sigma log-MSE-fit baseline]],0.4757555137668392,line,ROUNDED-OK,"Constant $\hat\sigma$, log-MSE fit ($\sigma{=}0.4758$) & $-2.358206$ & $-0.388064$ \\"
767,tab:baselines-put,-3.358130,-3.35813,experiment output,results/baselines_v5.json,"records.option_type=put&baseline=const_sigma_pxfit.metrics.all.r2_log_filtered  [baseline table, put const_sigma_pxfit  [by-line review: put constant-sigma (price-MSE fit) baseline R2(log)]]",-3.3581295313989505,line,ROUNDED-OK,"Constant $\hat\sigma$, price-MSE fit ($\sigma{=}0.2063$) & 0.925761 & $-3.358130$ \\"
767,tab:baselines-put,0.2063,0.2063,experiment output,results/baselines_v5.json,records.option_type=put&baseline=const_sigma_pxfit.params.sigma  [constant sigma fitted on the training split  [by-line review: sigma of the put constant-sigma price-MSE-fit baseline]],0.20627925385371734,line,ROUNDED-OK,"Constant $\hat\sigma$, price-MSE fit ($\sigma{=}0.2063$) & 0.925761 & $-3.358130$ \\"
767,tab:baselines-put,0.925761,0.925761,experiment output,results/baselines_v5.json,"records.option_type=put&baseline=const_sigma_pxfit.metrics.all.r2_price  [baseline table, put const_sigma_pxfit  [by-line review: put constant-sigma (price-MSE fit) baseline R2(price)]]",0.9257608021281251,line,ROUNDED-OK,"Constant $\hat\sigma$, price-MSE fit ($\sigma{=}0.2063$) & 0.925761 & $-3.358130$ \\"
768,tab:baselines-put,-2.518559,-2.518559,experiment output,results/baselines_v5.json,"records.option_type=put&baseline=surface_spline.metrics.all.r2_log_filtered  [baseline table, put surface_spline  [by-line review: put IV-surface-spline baseline R2(log)]]",-2.518558932468415,line,ROUNDED-OK,IV-surface spline interpolation & 0.996594 & $-2.518559$ \\
768,tab:baselines-put,0.996594,0.996594,experiment output,results/baselines_v5.json,"records.option_type=put&baseline=surface_spline.metrics.all.r2_price  [baseline table, put surface_spline  [by-line review: put IV-surface-spline baseline R2(price)]]",0.9965944957550128,line,ROUNDED-OK,IV-surface spline interpolation & 0.996594 & $-2.518559$ \\
769,tab:baselines-put,0.981298,0.981298,experiment output,train_model_v3/put/results_vol_surface_don_v5/metrics.json,r2_log_filtered  [Table T1 / all_metrics_v5.csv row put/results_vol_surface_don_v5  [by-line review: put IV-surface architecture-B R2(log)]],0.9812983540582504,line,ROUNDED-OK,"Best neural model (IV surface, B) & 0.993780 & \textbf{0.981298} \\"
769,tab:baselines-put,0.993780,0.99378,experiment output,train_model_v3/put/results_vol_surface_don_v5/metrics.json,r2_price  [Table T1 / all_metrics_v5.csv row put/results_vol_surface_don_v5  [by-line review: put IV-surface architecture-B R2(price)]],0.9937798418402081,line,ROUNDED-OK,"Best neural model (IV surface, B) & 0.993780 & \textbf{0.981298} \\"
774,Comparison against baselines,0.0014,0.0014,derived statistic,results/baselines_v5.json,"max(J('results/baselines_v5.json','records.option_type=call&baseline=intrinsic_zero_vol.metrics.all.r2_price'),J('results/baselines_v5.json','records.option_type=call&baseline=const_sigma.metrics.all.r2_price'),J('results/baselines_v5.json','records.option_type=call&baseline=const_sigma_pxfit.metrics.all.r2_price'),J('results/baselines_v5.json','records.option_type=call&baseline=surface_spline.metrics.all.r2_price'),J('train_model_v3/call/results_vol_surface_v5/metrics.json','r2_price')) - min(J('results/baselines_v5.json','records.option_type=call&baseline=intrinsic_zero_vol.metrics.all.r2_price'),J('results/baselines_v5.json','records.option_type=call&baseline=const_sigma.metrics.all.r2_price'),J('results/baselines_v5.json','records.option_type=call&baseline=const_sigma_pxfit.metrics.all.r2_price'),J('results/baselines_v5.json','records.option_type=call&baseline=surface_spline.metrics.all.r2_price'),J('train_model_v3/call/results_vol_surface_v5/metrics.json','r2_price'))  [spread of the five call price-R2 values in tab:baselines-call  [by-line review: spread of the five call baseline R2(price) values]]",0.0013961064474681262,line,DERIVED,"On calls, all five numbers in Table~\ref{tab:baselines-call} sit within a 0.0014 range: the"
775,Comparison against baselines,0.9986,0.9986,experiment output,results/baselines_v5.json,records.option_type=call&baseline=intrinsic_zero_vol.metrics.all.r2_price  [rounded restatement of the call intrinsic_zero_vol baseline  [by-line review: call zero-volatility-limit baseline R2(price)]],0.9985863019037233,line,ROUNDED-OK,"zero-volatility limit, with no fitted parameters, already reaches $R^2(\text{price}) = 0.9986$, so"
777,Comparison against baselines,-16.81,-16.81,experiment output,results/baselines_v5.json,records.option_type=call&baseline=intrinsic_zero_vol.metrics.all.r2_log_filtered  [rounded restatement of the call intrinsic_zero_vol baseline],-16.806016234362392,global,ROUNDED-OK,"one for calls. That column separates the same pricers cleanly: $-16.81$ for the zero-volatility limit,"
778,Comparison against baselines,0.621,0.621,experiment output,results/baselines_v5.json,records.option_type=call&baseline=const_sigma.metrics.all.r2_log_filtered  [rounded restatement of the call const_sigma baseline],0.620788188389169,global,ROUNDED-OK,"0.621 and 0.640 for the log-fitted and price-fitted constant $\hat\sigma$, 0.764 for spline"
778,Comparison against baselines,0.640,0.64,experiment output,results/baselines_v5.json,records.option_type=call&baseline=const_sigma_pxfit.metrics.all.r2_log_filtered  [rounded restatement of the call const_sigma_pxfit baseline],0.6403506416081941,global,ROUNDED-OK,"0.621 and 0.640 for the log-fitted and price-fitted constant $\hat\sigma$, 0.764 for spline"
778,Comparison against baselines,0.764,0.764,experiment output,results/baselines_v5.json,records.option_type=call&baseline=surface_spline.metrics.all.r2_log_filtered  [rounded restatement of the call surface_spline baseline],0.7641812033041802,global,ROUNDED-OK,"0.621 and 0.640 for the log-fitted and price-fitted constant $\hat\sigma$, 0.764 for spline"
779,Comparison against baselines,0.991,0.991,experiment output,train_model_v3/call/results_vol_surface_v5/metrics.json,"r2_log_filtered  [rounded restatement of the Table T1 call/results_vol_surface_v5 r2_log_filtered  [by-line review: call IV-surface architecture-A R2(log), to three decimals]]",0.9910440400919907,line,ROUNDED-OK,"interpolation of the observed surface, and 0.991 for the model. Unlike puts, calls show no material"
780,Comparison against baselines,6\times10^{-6},6e-06,derived statistic,results/baselines_v5.json,"J('results/baselines_v5.json','records.option_type=call&baseline=surface_spline.metrics.all.r2_price') - J('train_model_v3/call/results_vol_surface_v5/metrics.json','r2_price')  [call price-space gap, spline baseline minus best model: 0.9999824083511915 - 0.9999769213678237 = 5.487e-6, which the sentence bounds at 6e-6 and then quotes exactly]  [bound claim: source must be <= the printed value]",5.486983367775089e-06,global,EXACT,metric disagreement: the model leads every baseline on log-space and sits within $6\times10^{-6}$ of
781,Comparison against baselines,5.5\times10^{-6},5.5e-06,derived statistic,results/baselines_v5.json,"J('results/baselines_v5.json','records.option_type=call&baseline=surface_spline.metrics.all.r2_price') - J('train_model_v3/call/results_vol_surface_v5/metrics.json','r2_price')  [the same call price-space gap quoted to two significant figures, 5.487e-6]",5.486983367775089e-06,global,DERIVED,"the best baseline on price-space (a gap of $5.5\times10^{-6}$). On puts, the two metrics disagree on"
782,Comparison against baselines,0.996594,0.996594,experiment output,results/baselines_v5.json,"records.option_type=put&baseline=surface_spline.metrics.all.r2_price  [baseline table, put surface_spline  [by-line review: put IV-surface-spline baseline R2(price)]]",0.9965944957550128,line,ROUNDED-OK,which pricer wins: IV-surface spline interpolation edges out the model on price-space (0.996594 vs.\
783,Comparison against baselines,-2.518559,-2.518559,experiment output,results/baselines_v5.json,"records.option_type=put&baseline=surface_spline.metrics.all.r2_log_filtered  [baseline table, put surface_spline  [by-line review: put IV-surface-spline baseline R2(log)]]",-2.518558932468415,line,ROUNDED-OK,"0.993780), while the model leads on log-space by 3.50 in $R^2$ (0.981298 vs.\ $-2.518559$)."
783,Comparison against baselines,0.981298,0.981298,experiment output,train_model_v3/put/results_vol_surface_don_v5/metrics.json,r2_log_filtered  [Table T1 / all_metrics_v5.csv row put/results_vol_surface_don_v5  [by-line review: put IV-surface architecture-B R2(log)]],0.9812983540582504,line,ROUNDED-OK,"0.993780), while the model leads on log-space by 3.50 in $R^2$ (0.981298 vs.\ $-2.518559$)."
783,Comparison against baselines,0.993780,0.99378,experiment output,train_model_v3/put/results_vol_surface_don_v5/metrics.json,r2_price  [Table T1 / all_metrics_v5.csv row put/results_vol_surface_don_v5  [by-line review: put IV-surface architecture-B R2(price)]],0.9937798418402081,line,ROUNDED-OK,"0.993780), while the model leads on log-space by 3.50 in $R^2$ (0.981298 vs.\ $-2.518559$)."
783,Comparison against baselines,3.50,3.5,derived statistic,results/baselines_v5.json + train_model_v3/put/results_vol_surface_don_v5/metrics.json,"J('train_model_v3/put/results_vol_surface_don_v5/metrics.json','r2_log_filtered') - J('results/baselines_v5.json','records.option_type=put&baseline=surface_spline.metrics.all.r2_log_filtered')  [put log-space lead of architecture B over the cubic-spline baseline]",3.4998572865266655,global,DERIVED,"0.993780), while the model leads on log-space by 3.50 in $R^2$ (0.981298 vs.\ $-2.518559$)."
790,Comparison against baselines,10^{-6},1e-06,theoretical constant,,"two distinct roles: the spline baseline's fixed-point tolerance and the reproduction tolerance in analysis/spline_boundary_decomposition.py (--tol 1e-6). The THIRD occurrence, the per-query evaluator agreement on L1020, is a different claim and is overridden per line  [two distinct roles: the spline baseline's fixed-point tolerance and the reproduction tolerance in analysis/spline_boundary_decomposition.py (--tol 1e-6). The THIRD occurrence, the per-query evaluator agreement on L1020, is a different claim and is overridden per line]",1e-06,global,EXACT,"Table~\ref{tab:baselines-put} to $10^{-6}$) finds that 578{,}610 of the 1{,}380{,}379 put test rows"
790,Comparison against baselines,"1{,}380{,}379",1380379.0,dataset/config/provenance,wrds_data_2020-2025/DATASET_MANIFEST.json,"datasets.v5.files.put.splits.test.rows  [Put test rows, v5 sample (v4 = pre-quote-filter, v5 = filtered)]",1380379.0,global,EXACT,"Table~\ref{tab:baselines-put} to $10^{-6}$) finds that 578{,}610 of the 1{,}380{,}379 put test rows"
790,Comparison against baselines,"578{,}610",578610.0,experiment output,results/spline_boundary_decomposition_v5.json,"results.option_type=put.masks.below_10_delta.n_rows  [cubic-spline grid-boundary decomposition, put]",578610.0,global,EXACT,"Table~\ref{tab:baselines-put} to $10^{-6}$) finds that 578{,}610 of the 1{,}380{,}379 put test rows"
791,Comparison against baselines,10,10.0,dataset/config/provenance,results/spline_boundary_decomposition_v5.json,"results.option_type=call.grid.abs_delta_bounds.0  [the surface grid's lower |delta| and lower tenor (10-day) boundary, which is what most occurrences mean. The same literal is also the 80/10/10 split shares, the +-10%% band in Figure F5, the squared-log-error tail threshold, and min_finetune_epochs=10 in every run's config.json]",10.0,global,EXACT,(41.92\%) converge to $|\delta|$ below the surface's 10-delta boundary and are therefore all priced off
791,Comparison against baselines,41.92,41.92,experiment output,results/spline_boundary_decomposition_v5.json,"results.option_type=put.masks.below_10_delta.pct_rows  [cubic-spline grid-boundary decomposition, put]",41.91674895083162,global,ROUNDED-OK,(41.92\%) converge to $|\delta|$ below the surface's 10-delta boundary and are therefore all priced off
792,Comparison against baselines,99.94,99.94,experiment output,results/spline_boundary_decomposition_v5.json,"results.option_type=put.masks.below_10_delta.share_log_sse_pct  [cubic-spline grid-boundary decomposition, put]",99.93767707782385,global,ROUNDED-OK,that one clamped column. Those rows carry 99.94\% of the spline's log-space sum of squared errors and
793,Comparison against baselines,10,10.0,dataset/config/provenance,results/spline_boundary_decomposition_v5.json,"results.option_type=call.grid.abs_delta_bounds.0  [the surface grid's lower |delta| and lower tenor (10-day) boundary, which is what most occurrences mean. The same literal is also the 80/10/10 split shares, the +-10%% band in Figure F5, the squared-log-error tail threshold, and min_finetune_epochs=10 in every run's config.json]",10.0,global,EXACT,"all 272{,}433 squared-log errors above 10, while the rows clamped on neither axis reach"
793,Comparison against baselines,"272{,}433",272433.0,experiment output,results/spline_boundary_decomposition_v5.json,"results.option_type=put.masks.below_10_delta.n_sqerr_log_gt10  [cubic-spline grid-boundary decomposition, put]",272433.0,global,EXACT,"all 272{,}433 squared-log errors above 10, while the rows clamped on neither axis reach"
794,Comparison against baselines,0.9843,0.9843,experiment output,results/spline_boundary_decomposition_v5.json,"results.option_type=put.masks.delta_in_grid.r2_log  [cubic-spline grid-boundary decomposition, put]",0.9842629368615193,global,ROUNDED-OK,$R^2(\log) = 0.9939$ (0.9843 on the looser reading that excludes only the delta clamp and keeps
794,Comparison against baselines,0.9939,0.9939,experiment output,results/spline_boundary_decomposition_v5.json,"results.option_type=put.masks.in_grid.r2_log  [cubic-spline grid-boundary decomposition, put]",0.9938818662456581,global,ROUNDED-OK,$R^2(\log) = 0.9939$ (0.9843 on the looser reading that excludes only the delta clamp and keeps
796,Comparison against baselines,10,10.0,dataset/config/provenance,results/spline_boundary_decomposition_v5.json,"results.option_type=call.grid.abs_delta_bounds.0  [the surface grid's lower |delta| and lower tenor (10-day) boundary, which is what most occurrences mean. The same literal is also the 80/10/10 split shares, the +-10%% band in Figure F5, the squared-log-error tail threshold, and min_finetune_epochs=10 in every run's config.json]",10.0,global,EXACT,"out-of-the-money put to the 10-delta implied volatility is a large multiplicative error, but it acts on"
797,Comparison against baselines,0.00203,0.00203,experiment output,results/spline_boundary_decomposition_v5.json,"results.option_type=put.masks.below_10_delta.mean_price_true  [cubic-spline grid-boundary decomposition, put]",0.002032720920674137,global,ROUNDED-OK,"a small normalized price, the mean true $V/K$ on those rows being 0.00203 against 0.0202 in-grid and"
797,Comparison against baselines,0.0202,0.0202,experiment output,results/spline_boundary_decomposition_v5.json,"results.option_type=put.masks.in_grid.mean_price_true  [cubic-spline grid-boundary decomposition, put]",0.020159792307928134,global,ROUNDED-OK,"a small normalized price, the mean true $V/K$ on those rows being 0.00203 against 0.0202 in-grid and"
798,Comparison against baselines,0.0886,0.0886,experiment output,results/spline_boundary_decomposition_v5.json,"results.option_type=put.masks.above_90_delta.mean_price_true  [cubic-spline grid-boundary decomposition, put]",0.08860458558427403,global,ROUNDED-OK,"0.0886 deep in the money. They still carry 72.94\% of the price-space sum of squared errors, a"
798,Comparison against baselines,72.94,72.94,experiment output,results/spline_boundary_decomposition_v5.json,"results.option_type=put.masks.below_10_delta.share_price_sse_pct  [cubic-spline grid-boundary decomposition, put]",72.93785261848036,global,ROUNDED-OK,"0.0886 deep in the money. They still carry 72.94\% of the price-space sum of squared errors, a"
801,Comparison against baselines,0.996594,0.996594,experiment output,results/baselines_v5.json,"records.option_type=put&baseline=surface_spline.metrics.all.r2_price  [baseline table, put surface_spline  [by-line review: put IV-surface-spline baseline R2(price)]]",0.9965944957550128,line,ROUNDED-OK,"0.996594. Calls show the same structure more weakly, with 185{,}863 rows (22.68\%) below 10 delta"
801,Comparison against baselines,10,10.0,dataset/config/provenance,results/spline_boundary_decomposition_v5.json,"results.option_type=call.grid.abs_delta_bounds.0  [the surface grid's lower |delta| and lower tenor (10-day) boundary, which is what most occurrences mean. The same literal is also the 80/10/10 split shares, the +-10%% band in Figure F5, the squared-log-error tail threshold, and min_finetune_epochs=10 in every run's config.json]",10.0,global,EXACT,"0.996594. Calls show the same structure more weakly, with 185{,}863 rows (22.68\%) below 10 delta"
801,Comparison against baselines,"185{,}863",185863.0,experiment output,results/spline_boundary_decomposition_v5.json,"results.option_type=call.masks.below_10_delta.n_rows  [cubic-spline grid-boundary decomposition, call]",185863.0,global,EXACT,"0.996594. Calls show the same structure more weakly, with 185{,}863 rows (22.68\%) below 10 delta"
801,Comparison against baselines,22.68,22.68,experiment output,results/spline_boundary_decomposition_v5.json,"results.option_type=call.masks.below_10_delta.pct_rows  [cubic-spline grid-boundary decomposition, call]",22.684422377956945,global,ROUNDED-OK,"0.996594. Calls show the same structure more weakly, with 185{,}863 rows (22.68\%) below 10 delta"
802,Comparison against baselines,99.40,99.4,experiment output,results/spline_boundary_decomposition_v5.json,"results.option_type=call.masks.below_10_delta.share_log_sse_pct  [cubic-spline grid-boundary decomposition, call]",99.39838519147393,global,ROUNDED-OK,carrying 99.40\% of call log-space SSE. This is also where the learned model's log-space advantage over
803,Comparison against baselines,10,10.0,dataset/config/provenance,results/spline_boundary_decomposition_v5.json,"results.option_type=call.grid.abs_delta_bounds.0  [the surface grid's lower |delta| and lower tenor (10-day) boundary, which is what most occurrences mean. The same literal is also the 80/10/10 split shares, the +-10%% band in Figure F5, the squared-log-error tail threshold, and min_finetune_epochs=10 in every run's config.json]",10.0,global,EXACT,"interpolation is concentrated, since the standardized surface has no support beyond 10 delta; the"
809,Comparison against baselines,0.4758,0.4758,experiment output,results/baselines_v5.json,records.option_type=put&baseline=const_sigma.params.sigma  [constant sigma fitted on the training split  [by-line review: sigma of the put constant-sigma log-MSE-fit baseline]],0.4757555137668392,line,ROUNDED-OK,minimizing MSE on $\log(V/K)$ it selects $\sigma = 0.4758$ and scores below the zero-volatility limit
810,Comparison against baselines,-2.358206,-2.358206,experiment output,results/baselines_v5.json,"records.option_type=put&baseline=const_sigma.metrics.all.r2_price  [baseline table, put const_sigma  [by-line review: put constant-sigma (log-MSE fit) baseline R2(price)]]",-2.3582060837437377,line,ROUNDED-OK,on put price-space ($-2.358206$ vs.\ 0.535219); fitted by minimizing MSE on $V/K$ it selects
810,Comparison against baselines,0.535219,0.535219,experiment output,results/baselines_v5.json,"records.option_type=put&baseline=intrinsic_zero_vol.metrics.all.r2_price  [baseline table, put intrinsic_zero_vol  [by-line review: put zero-volatility-limit baseline R2(price)]]",0.5352188288852213,line,ROUNDED-OK,on put price-space ($-2.358206$ vs.\ 0.535219); fitted by minimizing MSE on $V/K$ it selects
811,Comparison against baselines,-3.358130,-3.35813,experiment output,results/baselines_v5.json,"records.option_type=put&baseline=const_sigma_pxfit.metrics.all.r2_log_filtered  [baseline table, put const_sigma_pxfit  [by-line review: put constant-sigma (price-MSE fit) baseline R2(log)]]",-3.3581295313989505,line,ROUNDED-OK,"$\sigma = 0.2063$ and reaches $R^2(\text{price}) = 0.925761$, but falls to $R^2(\log) = -3.358130$. The"
811,Comparison against baselines,0.2063,0.2063,experiment output,results/baselines_v5.json,records.option_type=put&baseline=const_sigma_pxfit.params.sigma  [constant sigma fitted on the training split  [by-line review: sigma of the put constant-sigma price-MSE-fit baseline]],0.20627925385371734,line,ROUNDED-OK,"$\sigma = 0.2063$ and reaches $R^2(\text{price}) = 0.925761$, but falls to $R^2(\log) = -3.358130$. The"
811,Comparison against baselines,0.925761,0.925761,experiment output,results/baselines_v5.json,"records.option_type=put&baseline=const_sigma_pxfit.metrics.all.r2_price  [baseline table, put const_sigma_pxfit  [by-line review: put constant-sigma (price-MSE fit) baseline R2(price)]]",0.9257608021281251,line,ROUNDED-OK,"$\sigma = 0.2063$ and reaches $R^2(\text{price}) = 0.925761$, but falls to $R^2(\log) = -3.358130$. The"
819,Comparison against baselines,"50{,}000",50000.0,dataset/config/provenance,results/fig_F5_pred_vs_market_v5.md,"regex max_contracts=(\d+), seed=42  [fixed 50,000-row uniform subsample, seed 42, used for Figure F5]",50000.0,global,EXACT,"Figure~\ref{fig:f5} shows predicted-vs-market price scatter on a 50{,}000-row uniform sample of the"
820,Comparison against baselines,0.995619,0.995619,experiment output,results/fig_F5_pred_vs_market_v5.md,"regex \| call \| 50,000 \| [0-9.]+ \| ([0-9.]+) \|  [Figure F5 statistics table (50,000-row seeded uniform sample of the test split)]",0.995619,global,EXACT,"test split. Calls reach $R^2(\text{price}) = 0.999954$, Pearson correlation (log-log) $r = 0.995619$,"
820,Comparison against baselines,0.999954,0.999954,experiment output,results/fig_F5_pred_vs_market_v5.md,"regex \| call \| 50,000 \| ([0-9.]+) \|  [Figure F5 statistics table (50,000-row seeded uniform sample of the test split)]",0.999954,global,EXACT,"test split. Calls reach $R^2(\text{price}) = 0.999954$, Pearson correlation (log-log) $r = 0.995619$,"
821,Comparison against baselines,10,10.0,dataset/config/provenance,results/spline_boundary_decomposition_v5.json,"results.option_type=call.grid.abs_delta_bounds.0  [the surface grid's lower |delta| and lower tenor (10-day) boundary, which is what most occurrences mean. The same literal is also the 80/10/10 split shares, the +-10%% band in Figure F5, the squared-log-error tail threshold, and min_finetune_epochs=10 in every run's config.json]",10.0,global,EXACT,"median relative error 3.61\%, and 76.62\% of rows within $\pm 10\%$. Puts reach"
821,Comparison against baselines,3.61,3.61,experiment output,results/fig_F5_pred_vs_market_v5.md,"regex \| call \| 50,000 \|(?: [0-9.]+ \|){4} ([0-9.]+)%  [Figure F5 statistics table (50,000-row seeded uniform sample of the test split)]",3.609,global,ROUNDED-OK,"median relative error 3.61\%, and 76.62\% of rows within $\pm 10\%$. Puts reach"
821,Comparison against baselines,76.62,76.62,experiment output,results/fig_F5_pred_vs_market_v5.md,"regex \| call \| 50,000 \|(?: [0-9.]+ \|){4} [0-9.]+% \| [0-9.]+% \| ([0-9.]+)%  [Figure F5 statistics table (50,000-row seeded uniform sample of the test split)]",76.62,global,EXACT,"median relative error 3.61\%, and 76.62\% of rows within $\pm 10\%$. Puts reach"
822,Comparison against baselines,0.991166,0.991166,experiment output,results/fig_F5_pred_vs_market_v5.md,"regex \| put \| 50,000 \| [0-9.]+ \| ([0-9.]+) \|  [Figure F5 statistics table (50,000-row seeded uniform sample of the test split)]",0.991166,global,EXACT,"$R^2(\text{price}) = 0.993179$, $r = 0.991166$, median relative error 8.74\%, and 54.46\% of rows within"
822,Comparison against baselines,0.993179,0.993179,experiment output,results/fig_F5_pred_vs_market_v5.md,"regex \| put \| 50,000 \| ([0-9.]+) \|  [Figure F5 statistics table (50,000-row seeded uniform sample of the test split)]",0.993179,global,EXACT,"$R^2(\text{price}) = 0.993179$, $r = 0.991166$, median relative error 8.74\%, and 54.46\% of rows within"
822,Comparison against baselines,54.46,54.46,experiment output,results/fig_F5_pred_vs_market_v5.md,"regex \| put \| 50,000 \|(?: [0-9.]+ \|){4} [0-9.]+% \| [0-9.]+% \| ([0-9.]+)%  [Figure F5 statistics table (50,000-row seeded uniform sample of the test split)]",54.46,global,EXACT,"$R^2(\text{price}) = 0.993179$, $r = 0.991166$, median relative error 8.74\%, and 54.46\% of rows within"
822,Comparison against baselines,8.74,8.74,experiment output,results/fig_F5_pred_vs_market_v5.md,"regex \| put \| 50,000 \|(?: [0-9.]+ \|){4} ([0-9.]+)%  [Figure F5 statistics table (50,000-row seeded uniform sample of the test split)]",8.736,global,ROUNDED-OK,"$R^2(\text{price}) = 0.993179$, $r = 0.991166$, median relative error 8.74\%, and 54.46\% of rows within"
823,Comparison against baselines,10,10.0,dataset/config/provenance,results/spline_boundary_decomposition_v5.json,"results.option_type=call.grid.abs_delta_bounds.0  [the surface grid's lower |delta| and lower tenor (10-day) boundary, which is what most occurrences mean. The same literal is also the 80/10/10 split shares, the +-10%% band in Figure F5, the squared-log-error tail threshold, and min_finetune_epochs=10 in every run's config.json]",10.0,global,EXACT,$\pm 10\%$.
836,fig:f5,architecture-A/B,,unsupported,results/fig_F5_pred_vs_market_v5.md,"the F5 caption must name architecture A only: results/fig_F5_pred_vs_market_v5.md records a single run per option type, train_model_v3/{call,put}/results_vol_surface_v5, both architecture A. Fixed; this check guards against the regression",architecture-A,line,EXACT,"\caption{\textbf{Predicted vs.\ market normalized price ($V/K$)}, log-log axes, colored by maturity"
837,fig:f5,"50{,}000",50000.0,dataset/config/provenance,results/fig_F5_pred_vs_market_v5.md,"regex max_contracts=(\d+), seed=42  [fixed 50,000-row uniform subsample, seed 42, used for Figure F5]",50000.0,global,EXACT,"bucket, 50{,}000-row uniform sample of the test split, IV-surface architecture-A models.}"
844,Black--Scholes decoder derivative consistency,"2{,}000",2000.0,dataset/config/provenance,results/greeks_check_call_v5.json,n_sampled  [sampled test contracts per option type in the greeks check],2000.0,global,EXACT,"at the predicted $\hat\sigma$, over 2{,}000 sampled test contracts per option type."
850,tab:greeks,"2{,}000",2000.0,dataset/config/provenance,results/greeks_check_call_v5.json,n_sampled  [sampled test contracts per option type in the greeks check],2000.0,global,EXACT,"predicted $\hat\sigma$, held fixed. $n{=}2{,}000$ sampled test contracts per option type.}"
856,tab:greeks,1.38\times10^{-15},1.38e-15,experiment output,results/greeks_check_call_v5.json,"vega.max_abs_diff  [autograd-vs-closed-form BS greeks check at the predicted sigma_hat, call  [by-line review: call vega max abs. autodiff-vs-analytic difference]]",1.3808398868775384e-15,line,ROUNDED-OK,Call & $1.84\times10^{-14}$ & $1.40\times10^{-16}$ & $1.38\times10^{-15}$ & $5.55\times10^{-17}$ \\
856,tab:greeks,1.40\times10^{-16},1.3999999999999998e-16,experiment output,results/greeks_check_call_v5.json,"delta.median_abs_diff  [autograd-vs-closed-form BS greeks check at the predicted sigma_hat, call  [by-line review: call delta median abs. autodiff-vs-analytic difference]]",1.4007892068512717e-16,line,ROUNDED-OK,Call & $1.84\times10^{-14}$ & $1.40\times10^{-16}$ & $1.38\times10^{-15}$ & $5.55\times10^{-17}$ \\
856,tab:greeks,1.84\times10^{-14},1.84e-14,experiment output,results/greeks_check_call_v5.json,"delta.max_abs_diff  [autograd-vs-closed-form BS greeks check at the predicted sigma_hat, call  [by-line review: call delta max abs. autodiff-vs-analytic difference]]",1.837419105754634e-14,line,ROUNDED-OK,Call & $1.84\times10^{-14}$ & $1.40\times10^{-16}$ & $1.38\times10^{-15}$ & $5.55\times10^{-17}$ \\
856,tab:greeks,5.55\times10^{-17},5.55e-17,experiment output,results/greeks_check_call_v5.json,"vega.median_abs_diff  [autograd-vs-closed-form BS greeks check at the predicted sigma_hat, call  [by-line review: vega median abs. autodiff-vs-analytic difference]]",5.551115123125783e-17,line,ROUNDED-OK,Call & $1.84\times10^{-14}$ & $1.40\times10^{-16}$ & $1.38\times10^{-15}$ & $5.55\times10^{-17}$ \\
857,tab:greeks,1.43\times10^{-14},1.43e-14,experiment output,results/greeks_check_put_v5.json,"delta.max_abs_diff  [autograd-vs-closed-form BS greeks check at the predicted sigma_hat, put  [by-line review: put delta max abs. autodiff-vs-analytic difference]]",1.432187701766452e-14,line,ROUNDED-OK,Put  & $1.43\times10^{-14}$ & $8.37\times10^{-17}$ & $2.12\times10^{-15}$ & $5.55\times10^{-17}$ \\
857,tab:greeks,2.12\times10^{-15},2.12e-15,experiment output,results/greeks_check_put_v5.json,"vega.max_abs_diff  [autograd-vs-closed-form BS greeks check at the predicted sigma_hat, put  [by-line review: put vega max abs. autodiff-vs-analytic difference]]",2.1163626406917047e-15,line,ROUNDED-OK,Put  & $1.43\times10^{-14}$ & $8.37\times10^{-17}$ & $2.12\times10^{-15}$ & $5.55\times10^{-17}$ \\
857,tab:greeks,5.55\times10^{-17},5.55e-17,experiment output,results/greeks_check_put_v5.json,"vega.median_abs_diff  [tab:greeks put row: identical to the call cell at three significant figures (both 5.551115123125783e-17), but this occurrence is the put artifact's value, not the call's]",5.551115123125783e-17,line,ROUNDED-OK,Put  & $1.43\times10^{-14}$ & $8.37\times10^{-17}$ & $2.12\times10^{-15}$ & $5.55\times10^{-17}$ \\
857,tab:greeks,8.37\times10^{-17},8.37e-17,experiment output,results/greeks_check_put_v5.json,"delta.median_abs_diff  [autograd-vs-closed-form BS greeks check at the predicted sigma_hat, put]",8.370040771588094e-17,global,ROUNDED-OK,Put  & $1.43\times10^{-14}$ & $8.37\times10^{-17}$ & $2.12\times10^{-15}$ & $5.55\times10^{-17}$ \\
864,Black--Scholes decoder derivative consistency,1.43\times10^{-14},1.43e-14,experiment output,results/greeks_check_put_v5.json,"delta.max_abs_diff  [autograd-vs-closed-form BS greeks check at the predicted sigma_hat, put  [by-line review: put delta max abs. autodiff-vs-analytic difference]]",1.432187701766452e-14,line,ROUNDED-OK,"contracts is $1.84\times10^{-14}$ for call delta and $1.43\times10^{-14}$ for put delta, and"
864,Black--Scholes decoder derivative consistency,1.84\times10^{-14},1.84e-14,experiment output,results/greeks_check_call_v5.json,"delta.max_abs_diff  [autograd-vs-closed-form BS greeks check at the predicted sigma_hat, call  [by-line review: call delta max abs. autodiff-vs-analytic difference]]",1.837419105754634e-14,line,ROUNDED-OK,"contracts is $1.84\times10^{-14}$ for call delta and $1.43\times10^{-14}$ for put delta, and"
865,Black--Scholes decoder derivative consistency,1.38\times10^{-15},1.38e-15,experiment output,results/greeks_check_call_v5.json,"vega.max_abs_diff  [autograd-vs-closed-form BS greeks check at the predicted sigma_hat, call  [by-line review: call vega max abs. autodiff-vs-analytic difference]]",1.3808398868775384e-15,line,ROUNDED-OK,"$1.38\times10^{-15}$ for call vega and $2.12\times10^{-15}$ for put vega, with medians at or below"
865,Black--Scholes decoder derivative consistency,2.12\times10^{-15},2.12e-15,experiment output,results/greeks_check_put_v5.json,"vega.max_abs_diff  [autograd-vs-closed-form BS greeks check at the predicted sigma_hat, put  [by-line review: put vega max abs. autodiff-vs-analytic difference]]",2.1163626406917047e-15,line,ROUNDED-OK,"$1.38\times10^{-15}$ for call vega and $2.12\times10^{-15}$ for put vega, with medians at or below"
866,Black--Scholes decoder derivative consistency,1.40\times10^{-16},1.3999999999999998e-16,experiment output,results/greeks_check_call_v5.json,"delta.median_abs_diff  [autograd-vs-closed-form BS greeks check at the predicted sigma_hat, call  [by-line review: call delta median abs. autodiff-vs-analytic difference]]",1.4007892068512717e-16,line,ROUNDED-OK,"$1.40\times10^{-16}$; we quote the two greeks separately rather than as a single range, since their"
886,Limitations,0.9986,0.9986,experiment output,results/baselines_v5.json,records.option_type=call&baseline=intrinsic_zero_vol.metrics.all.r2_price  [rounded restatement of the call intrinsic_zero_vol baseline  [by-line review: call zero-volatility-limit baseline R2(price)]],0.9985863019037233,line,ROUNDED-OK,"forward intrinsic), which fits no parameter, already reaches $R^2(\text{price}) = 0.9986$ for calls"
892,Limitations,10,10.0,dataset/config/provenance,results/spline_boundary_decomposition_v5.json,"results.option_type=call.grid.abs_delta_bounds.0  [the surface grid's lower |delta| and lower tenor (10-day) boundary, which is what most occurrences mean. The same literal is also the 80/10/10 split shares, the +-10%% band in Figure F5, the squared-log-error tail threshold, and min_finetune_epochs=10 in every run's config.json]",10.0,global,EXACT,put log-$R^2$ comes almost entirely from rows clamped to the standardized surface's 10-delta boundary
913,Limitations,21,21.0,dataset/config/provenance,train_model_v3/call/results_spot_history_v5/config.json,grid_h  [trailing trading days in the SPX/VIX history windows],21.0,global,EXACT,branches are not strictly-prior-information inputs either: their 21-trading-day windows end on the
920,Limitations,"766{,}080",766080.0,derived statistic,train_model_v3/call/results_vol_surface_v5/config.json,"J('train_model_v3/call/results_vol_surface_v5/config.json','fno_width') * 11 * 17 * J('train_model_v3/call/results_vol_surface_v5/config.json','latent_dim') + J('train_model_v3/call/results_vol_surface_v5/config.json','latent_dim')  [flattening-projection parameter count for the surface, 11x17 grid branch: fno_width * grid_h * grid_w * latent_dim + latent_dim  [by-line review: IV-surface first-layer flattening-projection parameter count]]",766080.0,line,DERIVED,"level-free.} The first, grid-dependent layer of the two-layer flattening projection holds 766{,}080"
921,Limitations,"430{,}208",430208.0,derived statistic,train_model_v3/call/results_vol_surface_v5/config.json,"J('train_model_v3/call/results_vol_surface_v5/config.json','fno_width') * 21 * 5 * J('train_model_v3/call/results_vol_surface_v5/config.json','latent_dim') + J('train_model_v3/call/results_vol_surface_v5/config.json','latent_dim')  [flattening-projection parameter count for the SPX history, 21x5 grid branch: fno_width * grid_h * grid_w * latent_dim + latent_dim  [by-line review: SPX-history first-layer flattening-projection parameter count]]",430208.0,line,DERIVED,"(surface), 430{,}208 (SPX history), and"
922,Limitations,2.2,2.2,derived statistic,train_model_v3/call/results_vol_surface_v5/config.json,"(J('train_model_v3/call/results_vol_surface_v5/config.json','fno_width') * 11 * 17 * J('train_model_v3/call/results_vol_surface_v5/config.json','latent_dim') + J('train_model_v3/call/results_vol_surface_v5/config.json','latent_dim')) / (J('train_model_v3/call/results_vol_surface_v5/config.json','fno_width') * 21 * 4 * J('train_model_v3/call/results_vol_surface_v5/config.json','latent_dim') + J('train_model_v3/call/results_vol_surface_v5/config.json','latent_dim'))  [ratio of the largest to the smallest flattening projection (766,080 / 344,192)]",2.225734473782075,global,DERIVED,"344{,}192 (VIX history) parameters, a spread of roughly $2.2\times$; grid size, spectral modes, input"
922,Limitations,"344{,}192",344192.0,derived statistic,train_model_v3/call/results_vol_surface_v5/config.json,"J('train_model_v3/call/results_vol_surface_v5/config.json','fno_width') * 21 * 4 * J('train_model_v3/call/results_vol_surface_v5/config.json','latent_dim') + J('train_model_v3/call/results_vol_surface_v5/config.json','latent_dim')  [flattening-projection parameter count for the VIX history, 21x4 grid branch: fno_width * grid_h * grid_w * latent_dim + latent_dim  [by-line review: VIX-history first-layer flattening-projection parameter count]]",344192.0,line,DERIVED,"344{,}192 (VIX history) parameters, a spread of roughly $2.2\times$; grid size, spectral modes, input"
932,Limitations,0,0.0,theoretical constant,,"the T -> 0 limit of the decoder and the max(., 0) floor of the static no-arbitrage bounds; definitional, not measured  [the T -> 0 limit of the decoder and the max(., 0) floor of the static no-arbitrage bounds; definitional, not measured]",0.0,global,EXACT,filter removes the degenerate exact-$T{=}0$ case but not the continuous ill-conditioning of
933,Limitations,0,0.0,theoretical constant,,"the T -> 0 limit of the decoder and the max(., 0) floor of the static no-arbitrage bounds; definitional, not measured  [the T -> 0 limit of the decoder and the max(., 0) floor of the static no-arbitrage bounds; definitional, not measured]",0.0,global,EXACT,$\partial \log(\text{price})/\partial \hat\sigma$ as $T \to 0$; the shortest surviving maturity band
957,Conclusion,2\times10^{-14},2e-14,derived statistic,"results/greeks_check_{call,put}_v5.json","max(J('results/greeks_check_call_v5.json','delta.max_abs_diff'), J('results/greeks_check_put_v5.json','delta.max_abs_diff'))  ['approximately 2e-14' for delta: the larger of the two option types (1.84e-14)  [by-line review: worst-case delta discrepancy over both option types]]",1.837419105754634e-14,line,DERIVED,discrepancy of approximately $2\times10^{-14}$ for delta and $2\times10^{-15}$ for vega
957,Conclusion,2\times10^{-15},2e-15,derived statistic,"results/greeks_check_{call,put}_v5.json","max(J('results/greeks_check_call_v5.json','vega.max_abs_diff'), J('results/greeks_check_put_v5.json','vega.max_abs_diff'))  ['approximately 2e-15' for vega: the larger of the two option types (2.12e-15)  [by-line review: worst-case vega discrepancy over both option types]]",2.1163626406917047e-15,line,DERIVED,discrepancy of approximately $2\times10^{-14}$ for delta and $2\times10^{-15}$ for vega
964,Conclusion,-0.32,-0.32,experiment output,results/ablation_scalar_sigma_v5.json,"rows.option_type=put&model_variant=scalar_sigma.r2_log_filtered  [put scalar-sigma R2(log), canonical CPU evaluator (-0.316871), quoted to two decimals in the abstract, Section results-ablation and the Conclusion because results/ablation_evaluator_consistency_v5.json shows the scalar-sigma log metric is only ~1e-2 reproducible across device paths and decoder precisions (Appendix numstab); Table tab:ablation keeps the six-decimal value  [by-line review: put scalar-sigma control R2(log), quoted to two decimals]]",-0.3168712644166485,line,ROUNDED-OK,matters: removing it collapses put $R^2(\log)$ from 0.978 to about $-0.32$ and put $R^2(\text{price})$ to
964,Conclusion,0.978,0.978,experiment output,train_model_v3/put/results_vol_surface_v5/metrics.json,"r2_log_filtered  [rounded restatement of the Table T1 put/results_vol_surface_v5 r2_log_filtered  [by-line review: put IV-surface architecture-A R2(log), to three decimals]]",0.9778980973298367,line,ROUNDED-OK,matters: removing it collapses put $R^2(\log)$ from 0.978 to about $-0.32$ and put $R^2(\text{price})$ to
965,Conclusion,-3.09,-3.09,experiment output,results/ablation_scalar_sigma_v5.json,rows.option_type=put&model_variant=scalar_sigma.r2_price  [rounded restatement of the scalar-sigma ablation put r2_price],-3.0901904313264055,global,ROUNDED-OK,"$-3.09$, worse than predicting the mean. Comparing three candidate market-state input--encoder"
969,Conclusion,42,42.0,dataset/config/provenance,train_model_v3/call/results_vol_surface_v5/config.json,seed  [canonical seed for all twelve core runs],42.0,global,EXACT,observed seed-42 gap between the surface configuration and the historical ones is much larger than the
980,Conclusion,0.9999,0.9999,experiment output,train_model_v3/call/results_vol_surface_don_v5/metrics.json,r2_price  [rounded restatement of the Table T1 call/results_vol_surface_don_v5 r2_price],0.9999138031718999,global,ROUNDED-OK,"Taken together, on this dataset the approach reaches $R^2(\text{price}) \approx 0.9999$--$0.99998$ and"
980,Conclusion,0.99998,0.99998,experiment output,train_model_v3/call/results_vol_surface_v5/metrics.json,r2_price  [rounded restatement of the Table T1 call/results_vol_surface_v5 r2_price],0.9999769213678237,global,ROUNDED-OK,"Taken together, on this dataset the approach reaches $R^2(\text{price}) \approx 0.9999$--$0.99998$ and"
981,Conclusion,0.990,0.99,experiment output,train_model_v3/call/results_vol_surface_don_v5/metrics.json,"r2_log_filtered  [rounded restatement of the Table T1 call/results_vol_surface_don_v5 r2_log_filtered  [by-line review: call IV-surface architecture-B R2(log), to three decimals]]",0.9902904454431337,line,ROUNDED-OK,"$R^2(\log) \approx 0.990$--$0.991$ on the IV-surface input for calls, though calls' price-$R^2$ is close"
981,Conclusion,0.991,0.991,experiment output,train_model_v3/call/results_vol_surface_v5/metrics.json,"r2_log_filtered  [rounded restatement of the Table T1 call/results_vol_surface_v5 r2_log_filtered  [by-line review: call IV-surface architecture-A R2(log), to three decimals]]",0.9910440400919907,line,ROUNDED-OK,"$R^2(\log) \approx 0.990$--$0.991$ on the IV-surface input for calls, though calls' price-$R^2$ is close"
983,Conclusion,0.003,0.003,derived statistic,results/baselines_v5.json + train_model_v3/put/metrics.json,"J('results/baselines_v5.json','records.option_type=put&baseline=surface_spline.metrics.all.r2_price') - J('train_model_v3/put/results_vol_surface_don_v5/metrics.json','r2_price')  [put price-R2 shortfall of architecture B against the spline baseline]",0.0028146539148047323,global,DERIVED,shows the model 0.003--0.004 below IV-surface interpolation on price-space (0.993--0.994 vs.\ 0.997)
983,Conclusion,0.004,0.004,derived statistic,results/baselines_v5.json + train_model_v3/put/metrics.json,"J('results/baselines_v5.json','records.option_type=put&baseline=surface_spline.metrics.all.r2_price') - J('train_model_v3/put/results_vol_surface_v5/metrics.json','r2_price')  [put price-R2 shortfall of architecture A against the spline baseline]",0.0040412586234160885,global,DERIVED,shows the model 0.003--0.004 below IV-surface interpolation on price-space (0.993--0.994 vs.\ 0.997)
983,Conclusion,0.993,0.993,experiment output,train_model_v3/put/results_vol_surface_v5/metrics.json,"r2_price  [rounded restatement of the Table T1 put/results_vol_surface_v5 r2_price  [by-line review: put IV-surface architecture-A R2(price), to three decimals]]",0.9925532371315967,line,ROUNDED-OK,shows the model 0.003--0.004 below IV-surface interpolation on price-space (0.993--0.994 vs.\ 0.997)
983,Conclusion,0.994,0.994,experiment output,train_model_v3/put/results_vol_surface_don_v5/metrics.json,r2_price  [rounded restatement of the Table T1 put/results_vol_surface_don_v5 r2_price],0.9937798418402081,global,ROUNDED-OK,shows the model 0.003--0.004 below IV-surface interpolation on price-space (0.993--0.994 vs.\ 0.997)
983,Conclusion,0.997,0.997,experiment output,results/baselines_v5.json,records.option_type=put&baseline=surface_spline.metrics.all.r2_price  [rounded restatement of the put surface_spline baseline],0.9965944957550128,global,ROUNDED-OK,shows the model 0.003--0.004 below IV-surface interpolation on price-space (0.993--0.994 vs.\ 0.997)
984,Conclusion,-2.52,-2.52,experiment output,results/baselines_v5.json,records.option_type=put&baseline=surface_spline.metrics.all.r2_log_filtered  [rounded restatement of the put surface_spline baseline],-2.518558932468415,global,ROUNDED-OK,"but ahead of it by roughly 3.5 in $R^2(\log)$ (0.978--0.981 vs.\ $-2.52$), a gap that the"
984,Conclusion,0.978,0.978,experiment output,train_model_v3/put/results_vol_surface_v5/metrics.json,"r2_log_filtered  [rounded restatement of the Table T1 put/results_vol_surface_v5 r2_log_filtered  [by-line review: put IV-surface architecture-A R2(log), to three decimals]]",0.9778980973298367,line,ROUNDED-OK,"but ahead of it by roughly 3.5 in $R^2(\log)$ (0.978--0.981 vs.\ $-2.52$), a gap that the"
984,Conclusion,0.981,0.981,experiment output,train_model_v3/put/results_vol_surface_don_v5/metrics.json,"r2_log_filtered  [rounded restatement of the Table T1 put/results_vol_surface_don_v5 r2_log_filtered  [by-line review: put IV-surface architecture-B R2(log), to three decimals]]",0.9812983540582504,line,ROUNDED-OK,"but ahead of it by roughly 3.5 in $R^2(\log)$ (0.978--0.981 vs.\ $-2.52$), a gap that the"
984,Conclusion,3.5,3.5,derived statistic,results/baselines_v5.json + train_model_v3/put/results_vol_surface_don_v5/metrics.json,"J('train_model_v3/put/results_vol_surface_don_v5/metrics.json','r2_log_filtered') - J('results/baselines_v5.json','records.option_type=put&baseline=surface_spline.metrics.all.r2_log_filtered')  [same lead, rounded to one decimal in the conclusion]",3.4998572865266655,global,DERIVED,"but ahead of it by roughly 3.5 in $R^2(\log)$ (0.978--0.981 vs.\ $-2.52$), a gap that the"
986,Conclusion,10,10.0,dataset/config/provenance,results/spline_boundary_decomposition_v5.json,"results.option_type=call.grid.abs_delta_bounds.0  [the surface grid's lower |delta| and lower tenor (10-day) boundary, which is what most occurrences mean. The same literal is also the 80/10/10 split shares, the +-10%% band in Figure F5, the squared-log-error tail threshold, and min_finetune_epochs=10 in every run's config.json]",10.0,global,EXACT,surface's 10-delta edge.
998,Hyperparameters,42,42.0,dataset/config/provenance,train_model_v3/call/results_vol_surface_v5/config.json,seed  [canonical seed for all twelve core runs],42.0,global,EXACT,"Identical across all twelve core runs: seed 42 (plus seeds 43, 44 for the four IV-surface replication"
998,Hyperparameters,43,43.0,dataset/config/provenance,train_model_v3/call/results_vol_surface_v5_seed43/config.json,seed  [replication seed],43.0,global,EXACT,"Identical across all twelve core runs: seed 42 (plus seeds 43, 44 for the four IV-surface replication"
998,Hyperparameters,44,44.0,dataset/config/provenance,train_model_v3/call/results_vol_surface_v5_seed44/config.json,seed  [replication seed],44.0,global,EXACT,"Identical across all twelve core runs: seed 42 (plus seeds 43, 44 for the four IV-surface replication"
999,Hyperparameters,100,100.0,dataset/config/provenance,train_model_v3/call/results_vol_surface_v5/config.json,epochs_adam  [Adam-phase epochs],100.0,global,EXACT,"runs); Adam phase, 100 epochs, learning rate $10^{-3}$ with reduce-on-plateau scheduling; fine-tuning"
999,Hyperparameters,10^{-3},0.001,dataset/config/provenance,train_model_v3/call/results_vol_surface_v5/config.json,lr  [Adam-phase learning rate],0.001,global,EXACT,"runs); Adam phase, 100 epochs, learning rate $10^{-3}$ with reduce-on-plateau scheduling; fine-tuning"
1000,Hyperparameters,10,10.0,dataset/config/provenance,results/spline_boundary_decomposition_v5.json,"results.option_type=call.grid.abs_delta_bounds.0  [the surface grid's lower |delta| and lower tenor (10-day) boundary, which is what most occurrences mean. The same literal is also the 80/10/10 split shares, the +-10%% band in Figure F5, the squared-log-error tail threshold, and min_finetune_epochs=10 in every run's config.json]",10.0,global,EXACT,"phase, 50 epochs, learning rate $10^{-5}$, minimum 10 fine-tuning epochs; batch size 256,"
1000,Hyperparameters,10^{-5},1e-05,dataset/config/provenance,train_model_v3/call/results_vol_surface_v5/config.json,finetune_lr  [fine-tuning learning rate],1e-05,global,EXACT,"phase, 50 epochs, learning rate $10^{-5}$, minimum 10 fine-tuning epochs; batch size 256,"
1000,Hyperparameters,256,256.0,dataset/config/provenance,train_model_v3/call/results_vol_surface_v5/config.json,batch_size  [training batch size],256.0,global,EXACT,"phase, 50 epochs, learning rate $10^{-5}$, minimum 10 fine-tuning epochs; batch size 256,"
1000,Hyperparameters,50,50.0,dataset/config/provenance,train_model_v3/call/results_vol_surface_v5/config.json,epochs_finetune  [fine-tuning epochs; the same literal is also the |delta|=50 column the spline baseline's fixed point is initialised at],50.0,global,EXACT,"phase, 50 epochs, learning rate $10^{-5}$, minimum 10 fine-tuning epochs; batch size 256,"
1001,Hyperparameters,1.0,1.0,dataset/config/provenance,train_model_v3/call/results_vol_surface_v5/config.json,grad_clip  [gradient-norm clipping threshold],1.0,global,EXACT,gradient-norm clipping at 1.0; early-stopping patience 5 in each phase. The FNO encoder uses 4 spectral
1001,Hyperparameters,4,4.0,dataset/config/provenance,train_model_v3/call/results_vol_surface_v5/config.json,modes1  [retained spectral modes (modes1) on the surface grid; the same literal is also the number of FNO blocks and the VIX-history grid width],4.0,global,EXACT,gradient-norm clipping at 1.0; early-stopping patience 5 in each phase. The FNO encoder uses 4 spectral
1001,Hyperparameters,5,5.0,dataset/config/provenance,train_model_v3/call/results_vol_surface_v5/config.json,patience_adam  [early-stopping patience in each phase; the same literal is also the SPX-history grid width (21x5) and Figure F3's 5x9 grid],5.0,global,EXACT,gradient-norm clipping at 1.0; early-stopping patience 5 in each phase. The FNO encoder uses 4 spectral
1002,Hyperparameters,1,1.0,theoretical constant,,"the 1x1-convolution skip connections, the 1-D native form of the history tensors, and the T <= 1 day maturity cut; definitional or config (see 24 hours)  [the 1x1-convolution skip connections, the 1-D native form of the history tensors, and the T <= 1 day maturity cut; definitional or config (see 24 hours)]",1.0,global,EXACT,"convolution blocks with $1{\times}1$-convolution skip connections and SiLU activations, width 32,"
1002,Hyperparameters,1,1.0,theoretical constant,,"the 1x1-convolution skip connections, the 1-D native form of the history tensors, and the T <= 1 day maturity cut; definitional or config (see 24 hours)  [the 1x1-convolution skip connections, the 1-D native form of the history tensors, and the T <= 1 day maturity cut; definitional or config (see 24 hours)]",1.0,global,EXACT,"convolution blocks with $1{\times}1$-convolution skip connections and SiLU activations, width 32,"
1002,Hyperparameters,32,32.0,dataset/config/provenance,train_model_v3/call/results_vol_surface_v5/config.json,fno_width  [FNO channel width],32.0,global,EXACT,"convolution blocks with $1{\times}1$-convolution skip connections and SiLU activations, width 32,"
1003,Hyperparameters,128,128.0,dataset/config/provenance,train_model_v3/call/results_vol_surface_v5/config.json,latent_dim  [latent/basis dimension; head and trunk hidden width is the same 128 (config head_hidden)],128.0,global,EXACT,flattened and projected to a 128-dimensional latent/basis vector; head/trunk hidden width is 128. The
1003,Hyperparameters,128,128.0,dataset/config/provenance,train_model_v3/call/results_vol_surface_v5/config.json,latent_dim  [latent/basis dimension; head and trunk hidden width is the same 128 (config head_hidden)],128.0,global,EXACT,flattened and projected to a 128-dimensional latent/basis vector; head/trunk hidden width is 128. The
1004,Hyperparameters,4,4.0,dataset/config/provenance,train_model_v3/call/results_vol_surface_v5/config.json,modes1  [retained spectral modes (modes1) on the surface grid; the same literal is also the number of FNO blocks and the VIX-history grid width],4.0,global,EXACT,number of retained spectral modes follows the grid: $4 \times 8$ (modes1 $\times$ modes2) for the
1004,Hyperparameters,8,8.0,dataset/config/provenance,train_model_v3/call/results_vol_surface_v5/config.json,modes2  [retained spectral modes (modes2) on the surface grid],8.0,global,EXACT,number of retained spectral modes follows the grid: $4 \times 8$ (modes1 $\times$ modes2) for the
1005,Hyperparameters,11,11.0,dataset/config/provenance,train_model_v3/call/results_vol_surface_v5/config.json,grid_h  [surface grid maturities],11.0,global,EXACT,"surface encoder on its $11 \times 17$ grid, and $6 \times 2$ for both the SPX-history ($21 \times 5$)"
1005,Hyperparameters,17,17.0,dataset/config/provenance,train_model_v3/call/results_vol_surface_v5/config.json,grid_w  [surface grid delta points],17.0,global,EXACT,"surface encoder on its $11 \times 17$ grid, and $6 \times 2$ for both the SPX-history ($21 \times 5$)"
1005,Hyperparameters,2,2.0,dataset/config/provenance,train_model_v3/call/results_spot_history_v5/config.json,modes2  [retained modes2 for the history encoders; the same literal is also the '2-D' of the 2-D FNO and the '1-D form' reshaping remark],2.0,global,EXACT,"surface encoder on its $11 \times 17$ grid, and $6 \times 2$ for both the SPX-history ($21 \times 5$)"
1005,Hyperparameters,21,21.0,dataset/config/provenance,train_model_v3/call/results_spot_history_v5/config.json,grid_h  [trailing trading days in the SPX/VIX history windows],21.0,global,EXACT,"surface encoder on its $11 \times 17$ grid, and $6 \times 2$ for both the SPX-history ($21 \times 5$)"
1005,Hyperparameters,5,5.0,dataset/config/provenance,train_model_v3/call/results_vol_surface_v5/config.json,patience_adam  [early-stopping patience in each phase; the same literal is also the SPX-history grid width (21x5) and Figure F3's 5x9 grid],5.0,global,EXACT,"surface encoder on its $11 \times 17$ grid, and $6 \times 2$ for both the SPX-history ($21 \times 5$)"
1005,Hyperparameters,6,6.0,dataset/config/provenance,train_model_v3/call/results_spot_history_v5/config.json,modes1  [retained modes1 for the history encoders],6.0,global,EXACT,"surface encoder on its $11 \times 17$ grid, and $6 \times 2$ for both the SPX-history ($21 \times 5$)"
1006,Hyperparameters,21,21.0,dataset/config/provenance,train_model_v3/call/results_spot_history_v5/config.json,grid_h  [trailing trading days in the SPX/VIX history windows],21.0,global,EXACT,and VIX-history ($21 \times 4$) encoders.
1006,Hyperparameters,4,4.0,dataset/config/provenance,train_model_v3/call/results_vol_surface_v5/config.json,modes1  [retained spectral modes (modes1) on the surface grid; the same literal is also the number of FNO blocks and the VIX-history grid width],4.0,global,EXACT,and VIX-history ($21 \times 4$) encoders.
1008,Hyperparameters,0.20,0.2,derived statistic,train_model_v3/call/train_vol_surface_don.py,"log1p(exp(-1.50)) + 1e-6  [architecture B's initial sigma_hat: softplus(sigma_bias init -1.50) + sigma_floor 1e-6, both literal in train_vol_surface_don.py]",0.2014142779827524,global,DERIVED,bias initialized so that $\hat\sigma \approx 0.20$ at initialization.
1012,Numerical stability,10^{-8},1e-08,dataset/config/provenance,train_model_v3/call/train_vol_surface.py,"1e-8  [the training/evaluation price clamp log(clamp(V/K, 1e-8)); it appears verbatim in every train script's `torch.clamp(price, min=1e-8)` and in analysis/_common.CLAMP_LOG]",1e-08,global,DERIVED,"The default training and evaluation path computes $\log(\mathrm{clamp}(V/K, 10^{-8}))$ for numerical"
1017,Numerical stability,4096,4096.0,dataset/config/provenance,results/ablation_evaluator_consistency_v5.json,"results.option_type=call&model_variant=scalar_sigma.paths.cpu_bs4096.batch_size  [canonical CPU ablation evaluator batch size (analysis/eval_ablation.py EVAL_BATCH), recorded per path in the evaluator-consistency artifact]",4096.0,global,EXACT,A controlled re-evaluation of the same scalar-$\hat\sigma$ checkpoints on CPU (batch 512 and 4096) and
1017,Numerical stability,512,512.0,dataset/config/provenance,results/ablation_evaluator_consistency_v5.json,results.option_type=call&model_variant=scalar_sigma.paths.cpu_bs512.batch_size  [the second CPU batch size and the GPU/training-path batch size in the evaluator-consistency diagnostic],512.0,global,EXACT,A controlled re-evaluation of the same scalar-$\hat\sigma$ checkpoints on CPU (batch 512 and 4096) and
1018,Numerical stability,4\times10^{-7},4e-07,derived statistic,results/ablation_evaluator_consistency_v5.json,"max(max([J('results/ablation_evaluator_consistency_v5.json','results.option_type=call&model_variant=scalar_sigma.paths.cpu_bs512.metrics_as_produced.r2_price'), J('results/ablation_evaluator_consistency_v5.json','results.option_type=call&model_variant=scalar_sigma.paths.cpu_bs4096.metrics_as_produced.r2_price'), J('results/ablation_evaluator_consistency_v5.json','results.option_type=call&model_variant=scalar_sigma.paths.gpu_bs512.metrics_as_produced.r2_price'), J('results/ablation_evaluator_consistency_v5.json','results.option_type=call&model_variant=scalar_sigma.paths.cpu_bs512.metrics_sigma_redecoded_float64_naive.r2_price'), J('results/ablation_evaluator_consistency_v5.json','results.option_type=call&model_variant=scalar_sigma.paths.cpu_bs4096.metrics_sigma_redecoded_float64_naive.r2_price'), J('results/ablation_evaluator_consistency_v5.json','results.option_type=call&model_variant=scalar_sigma.paths.gpu_bs512.metrics_sigma_redecoded_float64_naive.r2_price')]) - min([J('results/ablation_evaluator_consistency_v5.json','results.option_type=call&model_variant=scalar_sigma.paths.cpu_bs512.metrics_as_produced.r2_price'), J('results/ablation_evaluator_consistency_v5.json','results.option_type=call&model_variant=scalar_sigma.paths.cpu_bs4096.metrics_as_produced.r2_price'), J('results/ablation_evaluator_consistency_v5.json','results.option_type=call&model_variant=scalar_sigma.paths.gpu_bs512.metrics_as_produced.r2_price'), J('results/ablation_evaluator_consistency_v5.json','results.option_type=call&model_variant=scalar_sigma.paths.cpu_bs512.metrics_sigma_redecoded_float64_naive.r2_price'), J('results/ablation_evaluator_consistency_v5.json','results.option_type=call&model_variant=scalar_sigma.paths.cpu_bs4096.metrics_sigma_redecoded_float64_naive.r2_price'), J('results/ablation_evaluator_consistency_v5.json','results.option_type=call&model_variant=scalar_sigma.paths.gpu_bs512.metrics_sigma_redecoded_float64_naive.r2_price')]), max([J('results/ablation_evaluator_consistency_v5.json','results.option_type=put&model_variant=scalar_sigma.paths.cpu_bs512.metrics_as_produced.r2_price'), J('results/ablation_evaluator_consistency_v5.json','results.option_type=put&model_variant=scalar_sigma.paths.cpu_bs4096.metrics_as_produced.r2_price'), J('results/ablation_evaluator_consistency_v5.json','results.option_type=put&model_variant=scalar_sigma.paths.gpu_bs512.metrics_as_produced.r2_price'), J('results/ablation_evaluator_consistency_v5.json','results.option_type=put&model_variant=scalar_sigma.paths.cpu_bs512.metrics_sigma_redecoded_float64_naive.r2_price'), J('results/ablation_evaluator_consistency_v5.json','results.option_type=put&model_variant=scalar_sigma.paths.cpu_bs4096.metrics_sigma_redecoded_float64_naive.r2_price'), J('results/ablation_evaluator_consistency_v5.json','results.option_type=put&model_variant=scalar_sigma.paths.gpu_bs512.metrics_sigma_redecoded_float64_naive.r2_price')]) - min([J('results/ablation_evaluator_consistency_v5.json','results.option_type=put&model_variant=scalar_sigma.paths.cpu_bs512.metrics_as_produced.r2_price'), J('results/ablation_evaluator_consistency_v5.json','results.option_type=put&model_variant=scalar_sigma.paths.cpu_bs4096.metrics_as_produced.r2_price'), J('results/ablation_evaluator_consistency_v5.json','results.option_type=put&model_variant=scalar_sigma.paths.gpu_bs512.metrics_as_produced.r2_price'), J('results/ablation_evaluator_consistency_v5.json','results.option_type=put&model_variant=scalar_sigma.paths.cpu_bs512.metrics_sigma_redecoded_float64_naive.r2_price'), J('results/ablation_evaluator_consistency_v5.json','results.option_type=put&model_variant=scalar_sigma.paths.cpu_bs4096.metrics_sigma_redecoded_float64_naive.r2_price'), J('results/ablation_evaluator_consistency_v5.json','results.option_type=put&model_variant=scalar_sigma.paths.gpu_bs512.metrics_sigma_redecoded_float64_naive.r2_price')]))  [widest R2(price) spread for the scalar-sigma checkpoints over the three device paths and both decoder precisions: 1.05e-10 (call), 3.54e-7 (put)]  [bound claim: source must be <= the printed value]",3.5385068208881876e-07,global,EXACT,"GPU (batch 512, the training-time path) reproduces $R^2(\text{price})$ to within $4\times10^{-7}$ but"
1018,Numerical stability,512,512.0,dataset/config/provenance,results/ablation_evaluator_consistency_v5.json,results.option_type=call&model_variant=scalar_sigma.paths.cpu_bs512.batch_size  [the second CPU batch size and the GPU/training-path batch size in the evaluator-consistency diagnostic],512.0,global,EXACT,"GPU (batch 512, the training-time path) reproduces $R^2(\text{price})$ to within $4\times10^{-7}$ but"
1019,Numerical stability,3\times10^{-3},0.003,derived statistic,results/ablation_evaluator_consistency_v5.json,"max(max([J('results/ablation_evaluator_consistency_v5.json','results.option_type=call&model_variant=scalar_sigma.paths.cpu_bs512.metrics_as_produced.r2_log_filtered'), J('results/ablation_evaluator_consistency_v5.json','results.option_type=call&model_variant=scalar_sigma.paths.cpu_bs4096.metrics_as_produced.r2_log_filtered'), J('results/ablation_evaluator_consistency_v5.json','results.option_type=call&model_variant=scalar_sigma.paths.gpu_bs512.metrics_as_produced.r2_log_filtered')]) - min([J('results/ablation_evaluator_consistency_v5.json','results.option_type=call&model_variant=scalar_sigma.paths.cpu_bs512.metrics_as_produced.r2_log_filtered'), J('results/ablation_evaluator_consistency_v5.json','results.option_type=call&model_variant=scalar_sigma.paths.cpu_bs4096.metrics_as_produced.r2_log_filtered'), J('results/ablation_evaluator_consistency_v5.json','results.option_type=call&model_variant=scalar_sigma.paths.gpu_bs512.metrics_as_produced.r2_log_filtered')]), max([J('results/ablation_evaluator_consistency_v5.json','results.option_type=put&model_variant=scalar_sigma.paths.cpu_bs512.metrics_as_produced.r2_log_filtered'), J('results/ablation_evaluator_consistency_v5.json','results.option_type=put&model_variant=scalar_sigma.paths.cpu_bs4096.metrics_as_produced.r2_log_filtered'), J('results/ablation_evaluator_consistency_v5.json','results.option_type=put&model_variant=scalar_sigma.paths.gpu_bs512.metrics_as_produced.r2_log_filtered')]) - min([J('results/ablation_evaluator_consistency_v5.json','results.option_type=put&model_variant=scalar_sigma.paths.cpu_bs512.metrics_as_produced.r2_log_filtered'), J('results/ablation_evaluator_consistency_v5.json','results.option_type=put&model_variant=scalar_sigma.paths.cpu_bs4096.metrics_as_produced.r2_log_filtered'), J('results/ablation_evaluator_consistency_v5.json','results.option_type=put&model_variant=scalar_sigma.paths.gpu_bs512.metrics_as_produced.r2_log_filtered')]))  [widest R2(log) spread for the scalar-sigma checkpoints across the three device paths at the native float32 precision: 2.39e-4 (call), 3.04e-3 (put); the sentence says 'about 3e-3', not a strict bound]",0.003037639215195176,global,DERIVED,"$R^2(\log)$ only to about $3\times10^{-3}$ across device paths, and decoding the same float32"
1020,Numerical stability,-0.328,-0.328,experiment output,results/ablation_evaluator_consistency_v5.json,results.option_type=put&model_variant=scalar_sigma.paths.cpu_bs4096.metrics_sigma_redecoded_float64_naive.r2_log_filtered  [put scalar-sigma R2(log) with the same float32 sigma_hat re-decoded in float64 (identical to 6 decimals on all three device paths)],-0.3279382782062774,global,ROUNDED-OK,"$\hat\sigma$ in float64 moves $R^2(\log)$ further, to 0.798 for calls and $-0.328$ for puts, because"
1020,Numerical stability,0.798,0.798,experiment output,results/ablation_evaluator_consistency_v5.json,results.option_type=call&model_variant=scalar_sigma.paths.cpu_bs4096.metrics_sigma_redecoded_float64_naive.r2_log_filtered  [call scalar-sigma R2(log) with the same float32 sigma_hat re-decoded in float64 (identical to 6 decimals on all three device paths)],0.7984908112533533,global,ROUNDED-OK,"$\hat\sigma$ in float64 moves $R^2(\log)$ further, to 0.798 for calls and $-0.328$ for puts, because"
1021,Numerical stability,10^{-8},1e-08,dataset/config/provenance,train_model_v3/call/train_vol_surface.py,"1e-8  [the training/evaluation price clamp log(clamp(V/K, 1e-8)); it appears verbatim in every train script's `torch.clamp(price, min=1e-8)` and in analysis/_common.CLAMP_LOG]",1e-08,global,DERIVED,"cancellation in the float32 Black--Scholes decoder, before the $10^{-8}$ price clamp and logarithm,"
1023,Numerical stability,1.5\times10^{-6},1.5e-06,derived statistic,results/ablation_evaluator_consistency_v5.json,"max(max(v) - min(v) for v in [[J('results/ablation_evaluator_consistency_v5.json', 'results.option_type=%s&model_variant=per_query.paths.%s.%s.r2_log_filtered' % (o, p, k)) for p in ('cpu_bs4096', 'gpu_bs512') for k in ('metrics_as_produced', 'metrics_sigma_redecoded_float64_naive', 'metrics_sigma_redecoded_float64_stable')] for o in ('call', 'put')])  [widest R2(log) spread for the per-query checkpoints over both device paths and all three decoder precisions: 1.20e-7 (call), 1.41e-6 (put). The sentence states a bound, so the spread must not exceed the printed 1.5e-6; 1.4e-6 would NOT be a valid bound (the put spread is 1.408e-6)]  [bound claim: source must be <= the printed value]",1.4079772988617734e-06,global,EXACT,"per-query models, which never reach the floor, differ by at most $1.5\times10^{-6}$ in $R^2(\log)$"
1026,Numerical stability,10^{-2},0.01,derived statistic,results/ablation_evaluator_consistency_v5.json,"abs(J('results/ablation_evaluator_consistency_v5.json','results.option_type=put&model_variant=scalar_sigma.paths.cpu_bs4096.metrics_sigma_redecoded_float64_naive.r2_log_filtered') - J('results/ablation_evaluator_consistency_v5.json','results.option_type=put&model_variant=scalar_sigma.paths.cpu_bs4096.metrics_as_produced.r2_log_filtered'))  [put scalar-sigma R2(log) moved by re-decoding the same float32 sigma_hat in float64: |-0.327938 - (-0.316871)| = 1.107e-2, the reason the prose reports the scalar-sigma log metrics to two decimals]",0.011067013789628932,global,DERIVED,"are therefore stable only to about $10^{-2}$ in $R^2(\log)$ for puts and $2\times10^{-3}$ for calls,"
1026,Numerical stability,2\times10^{-3},0.002,derived statistic,results/ablation_evaluator_consistency_v5.json,"abs(J('results/ablation_evaluator_consistency_v5.json','results.option_type=call&model_variant=scalar_sigma.paths.cpu_bs4096.metrics_sigma_redecoded_float64_naive.r2_log_filtered') - J('results/ablation_evaluator_consistency_v5.json','results.option_type=call&model_variant=scalar_sigma.paths.cpu_bs4096.metrics_as_produced.r2_log_filtered'))  [call scalar-sigma R2(log) moved by re-decoding the same float32 sigma_hat in float64: |0.798491 - 0.800103| = 1.612e-3]",0.0016118290611961683,global,DERIVED,"are therefore stable only to about $10^{-2}$ in $R^2(\log)$ for puts and $2\times10^{-3}$ for calls,"
1032,Reproducibility and environment,2026-09-07,2026-09-07,dataset/config/provenance,results/environment_snapshot_2026-09-07.txt,regex Captured: (\d{4}-\d{2}-\d{2})  [capture date of the audit / reproduction environment snapshot (analysis/snapshot_environment.py); Appendix app:repro and the tab:env caption],2026-09-07,global,EXACT,Table~\ref{tab:env} records the environment captured on 2026-09-07 by
1034,Reproducibility and environment,2026-09-07,2026-09-07,dataset/config/provenance,results/environment_snapshot_2026-09-07.txt,regex Captured: (\d{4}-\d{2}-\d{2})  [capture date of the audit / reproduction environment snapshot (analysis/snapshot_environment.py); Appendix app:repro and the tab:env caption],2026-09-07,global,EXACT,(\texttt{results/environment\_snapshot\_2026-09-07.txt}) and used for the publication-audit
1035,Reproducibility and environment,2026,2026.0,dataset/config/provenance,results/environment_snapshot_2026-09-07.txt,regex trained in August (\d{4})  [the snapshot states the v5 checkpoints were trained in August 2026 and that that environment was never captured],2026.0,global,EXACT,"diagnostics described above. The August 2026 training environment was not snapshotted, and this table"
1042,tab:env,2026-09-07,2026-09-07,dataset/config/provenance,results/environment_snapshot_2026-09-07.txt,regex Captured: (\d{4}-\d{2}-\d{2})  [capture date of the audit / reproduction environment snapshot (analysis/snapshot_environment.py); Appendix app:repro and the tab:env caption],2026-09-07,global,EXACT,\caption{Environment captured 2026-09-07 and used for the publication-audit diagnostics. It is
1049,tab:env,3.11.15,3.11.15,dataset/config/provenance,results/environment_snapshot_*.txt,"regex Python\s+:\s*(\d+\.\d+\.\d+)  [Python, read from results/environment_snapshot_<date>.txt. CAVEAT: that snapshot is the AUDIT/REPRODUCTION environment. The August 2026 training environment was never captured, so the table's caption ('Environment used for all training and evaluation runs') overstates what this artifact supports; the versions themselves match the snapshot exactly]",3.11.15,global,EXACT,Python & 3.11.15 \\
1050,tab:env,13.0,13.0,dataset/config/provenance,results/environment_snapshot_*.txt,"regex torch\.version\.cuda\s+:\s*([\d.]+)  [CUDA the wheel was built against, read from results/environment_snapshot_<date>.txt. CAVEAT: that snapshot is the AUDIT/REPRODUCTION environment. The August 2026 training environment was never captured, so the table's caption ('Environment used for all training and evaluation runs') overstates what this artifact supports; the versions themselves match the snapshot exactly]",13.0,global,EXACT,PyTorch & 2.10.0 (built against CUDA 13.0) \\
1050,tab:env,2.10.0,2.10.0,dataset/config/provenance,results/environment_snapshot_*.txt,"regex PyTorch\s+:\s*(\d+\.\d+\.\d+)  [PyTorch, read from results/environment_snapshot_<date>.txt. CAVEAT: that snapshot is the AUDIT/REPRODUCTION environment. The August 2026 training environment was never captured, so the table's caption ('Environment used for all training and evaluation runs') overstates what this artifact supports; the versions themselves match the snapshot exactly]",2.10.0,global,EXACT,PyTorch & 2.10.0 (built against CUDA 13.0) \\
1051,tab:env,2.3.5,2.3.5,dataset/config/provenance,results/environment_snapshot_*.txt,"regex NumPy\s+:\s*(\d+\.\d+\.\d+)  [NumPy, read from results/environment_snapshot_<date>.txt. CAVEAT: that snapshot is the AUDIT/REPRODUCTION environment. The August 2026 training environment was never captured, so the table's caption ('Environment used for all training and evaluation runs') overstates what this artifact supports; the versions themselves match the snapshot exactly]",2.3.5,global,EXACT,NumPy & 2.3.5 \\
1052,tab:env,3.16.0,3.16.0,dataset/config/provenance,results/environment_snapshot_*.txt,"regex h5py\s+:\s*(\d+\.\d+\.\d+)  [h5py, read from results/environment_snapshot_<date>.txt. CAVEAT: that snapshot is the AUDIT/REPRODUCTION environment. The August 2026 training environment was never captured, so the table's caption ('Environment used for all training and evaluation runs') overstates what this artifact supports; the versions themselves match the snapshot exactly]",3.16.0,global,EXACT,h5py & 3.16.0 \\
1053,tab:env,3.10.8,3.10.8,dataset/config/provenance,results/environment_snapshot_*.txt,"regex matplotlib\s+:\s*(\d+\.\d+\.\d+)  [matplotlib, read from results/environment_snapshot_<date>.txt. CAVEAT: that snapshot is the AUDIT/REPRODUCTION environment. The August 2026 training environment was never captured, so the table's caption ('Environment used for all training and evaluation runs') overstates what this artifact supports; the versions themselves match the snapshot exactly]",3.10.8,global,EXACT,matplotlib & 3.10.8 \\
1054,tab:env,1.38.1,1.38.1,dataset/config/provenance,results/environment_snapshot_*.txt,"regex polars\s+:\s*(\d+\.\d+\.\d+)  [polars, read from results/environment_snapshot_<date>.txt. CAVEAT: that snapshot is the AUDIT/REPRODUCTION environment. The August 2026 training environment was never captured, so the table's caption ('Environment used for all training and evaluation runs') overstates what this artifact supports; the versions themselves match the snapshot exactly]",1.38.1,global,EXACT,polars & 1.38.1 \\
1055,tab:env,3060,3060.0,dataset/config/provenance,results/environment_snapshot_*.txt,"regex NVIDIA GeForce RTX (\d+)  [GPU model, read from results/environment_snapshot_<date>.txt. CAVEAT: that snapshot is the AUDIT/REPRODUCTION environment. The August 2026 training environment was never captured, so the table's caption ('Environment used for all training and evaluation runs') overstates what this artifact supports; the versions themselves match the snapshot exactly]",3060.0,global,EXACT,GPU & NVIDIA GeForce RTX 3060 \\
1056,tab:env,595.95,595.95,dataset/config/provenance,results/environment_snapshot_*.txt,"regex Driver Version:\s*([\d.]+)  [GPU driver, read from results/environment_snapshot_<date>.txt. CAVEAT: that snapshot is the AUDIT/REPRODUCTION environment. The August 2026 training environment was never captured, so the table's caption ('Environment used for all training and evaluation runs') overstates what this artifact supports; the versions themselves match the snapshot exactly]",595.95,global,EXACT,GPU driver & 595.95 \\
